split,phase,image_id,donor_id,candidate,changed_pixel_mae,clip_target_cosine_advantage,pixcorr_advantage,ssim_advantage
train,bf16,16584,40682,0,0.3143254747577743,0.01313769817352295,-0.14397988187337682,0.007112188992961746
train,bf16,16584,40682,1,0.29662345437442555,0.09932148456573486,-0.12893031972980268,-0.0015340810100094582
train,bf16,40682,38942,0,0.27507083867889603,0.3342200517654419,0.5222293178469407,0.032916657839490215
train,bf16,40682,38942,1,0.23147619908152073,0.3531060516834259,0.6594220605269058,0.019418655855915123
train,bf16,38942,4905,0,0.23746471031039376,-0.06035047769546509,0.11285599903695566,0.01611351938270056
train,bf16,38942,4905,1,0.23928244098339194,0.05398058891296387,-0.07811258663623019,0.05538921858956691
train,bf16,4905,17344,0,0.22045617695727382,0.06361520290374756,0.2206123360853213,-0.08200613687582547
train,bf16,4905,17344,1,0.26205053890452673,0.14846372604370117,0.21013596881926294,-0.12713699086005664
train,bf16,17344,32725,0,0.22656752143810002,0.31467536091804504,0.157491475694142,0.09665699712651636
train,bf16,17344,32725,1,0.22865274965373514,0.21861332654953003,-0.04552716021110244,0.1038841216245074
train,bf16,32725,28449,0,0.27366901971156304,0.402626097202301,0.8688241672043001,-0.0071564974896665134
train,bf16,32725,28449,1,0.29103318258048655,0.3235388398170471,0.9729323690601317,0.013036643941602338
train,bf16,28449,4723,0,0.2455908183178871,0.017376840114593506,0.051136350867710234,0.192312376054401
train,bf16,28449,4723,1,0.20741786582797184,0.11621487140655518,0.3284624532719664,0.08576181320559473
train,bf16,4723,70126,0,0.2284679936427696,0.1077243983745575,-0.18836260122890666,0.00898471257116884
train,bf16,4723,70126,1,0.2273452110539854,0.06855040788650513,0.036030275913029965,0.011318525635087562
train,bf16,70126,26393,0,0.20853635999891504,0.1496465802192688,0.009630079519648338,-0.03288948527214858
train,bf16,70126,26393,1,0.1968350479026247,0.15988582372665405,-0.20511179782599634,-0.049256024791258235
train,bf16,26393,33748,0,0.1780231201570798,0.18572789430618286,-0.11375368390978528,0.1924805936001729
train,bf16,26393,33748,1,0.22225914250791456,0.21154814958572388,-0.175880144099672,0.14458184525017354
train,bf16,33748,57293,0,0.2633707333234401,0.3858907222747803,0.6073781003228858,0.18010971971525894
train,bf16,33748,57293,1,0.3146932464799071,0.3960915207862854,0.6716860072547196,0.18557152568109475
train,bf16,57293,20217,0,0.22278647329293033,0.1846444010734558,-0.19749584982388024,-0.06133767595813994
train,bf16,57293,20217,1,0.20288978028141602,0.11169606447219849,-0.013976775797638064,0.015575267463460163
train,bf16,20217,15879,0,0.20326875175525938,0.2473832666873932,0.05070005979116865,0.07928910480894263
train,bf16,20217,15879,1,0.21641310648201342,0.13044089078903198,-0.019486120834718117,-0.020589853411572878
train,bf16,15879,69036,0,0.28783281613019557,0.23889920115470886,-0.16234176040865628,-0.017550317976970625
train,bf16,15879,69036,1,0.3111552718418096,0.13175052404403687,-0.19939294862839962,0.02944755526333412
train,bf16,69036,3625,0,0.3496483896292893,0.42878878116607666,0.7742493183188472,0.16924957284828132
train,bf16,69036,3625,1,0.33204236996719266,0.38579994440078735,0.6285024095716625,0.15062545478476783
train,bf16,3625,23696,0,0.22233956530203233,0.25252968072891235,0.035973527392258065,-0.09945189874951105
train,bf16,3625,23696,1,0.2753749024634268,0.32955998182296753,0.16325861659933721,-0.09833116802537356
train,bf16,23696,44010,0,0.22764553493923612,0.03708380460739136,-0.08650729539919352,0.11866706520363685
train,bf16,23696,44010,1,0.18988333808051214,0.11731648445129395,0.18341084948283676,0.11299564687199537
train,bf16,44010,21652,0,0.21209927727194397,0.38425374031066895,-0.06532729349828782,0.033030412769051054
train,bf16,44010,21652,1,0.2607213138754852,0.227336585521698,-0.08640155833688161,0.14756478379945248
train,bf16,21652,6970,0,0.20989623724245562,0.07509922981262207,0.01767638747703902,-0.03944690457749994
train,bf16,21652,6970,1,0.2710704479342192,0.08143776655197144,0.10307581398722505,0.06686040439548735
train,bf16,6970,35190,0,0.2029977985456878,0.29157525300979614,-0.598881064080935,0.10712924055072315
train,bf16,6970,35190,1,0.22466234693340228,0.2909356951713562,0.1204578838169309,0.1694627606591914
train,bf16,35190,50780,0,0.31403486962411903,0.3721691370010376,-0.08024654006887971,-0.00751697224589265
train,bf16,35190,50780,1,0.23133613736021755,0.25333458185195923,0.03387086193069375,0.01627813161531147
train,bf16,50780,45620,0,0.25894594379499847,0.2690536379814148,0.3755879492197475,0.10901617821596393
train,bf16,50780,45620,1,0.24405568440755207,0.3922726809978485,0.5276206269619139,0.08623184336557843
train,bf16,45620,27323,0,0.21571769465028848,0.4311392307281494,0.21415583603688343,0.027585525449356052
train,bf16,45620,27323,1,0.29206620758655016,0.393024206161499,0.2847355981153573,0.04356376762229025
train,bf16,27323,51581,0,0.20422964657054232,0.04982268810272217,0.10191769831646273,-0.022982579829729288
train,bf16,27323,51581,1,0.23244599984362233,0.14220136404037476,0.1889636387917041,-0.005980232657598561
train,bf16,51581,7163,0,0.16642809101179531,0.23619288206100464,-0.08984283941911614,-0.046386196955465475
train,bf16,51581,7163,1,0.22974727855009203,0.15302246809005737,-0.1489116810079115,0.0686286257893417
train,bf16,7163,50828,0,0.21618875740400334,0.28226298093795776,0.12130604806709867,-0.013848636490349508
train,bf16,7163,50828,1,0.17659510693518943,0.26128503680229187,0.09772615036386006,0.01303881307342214
train,bf16,50828,53785,0,0.19811071757397616,0.23345327377319336,-0.04065128505170121,0.1215788598927744
train,bf16,50828,53785,1,0.2835400300867417,0.38722535967826843,0.2543393558897614,0.2614930554079407
train,bf16,53785,1851,0,0.17609035018222782,0.2741723954677582,0.3010286280278223,0.04762623278300823
train,bf16,53785,1851,1,0.22535541509491155,0.1151587963104248,0.13660550193502993,0.04457046785910665
train,bf16,1851,29558,0,0.1933382071700751,0.27613168954849243,0.08930555511776486,0.10563723518816068
train,bf16,1851,29558,1,0.2195790858050578,0.23564237356185913,-0.00791186800091774,0.06014835268131233
train,bf16,29558,59471,0,0.2121601378995608,0.24549823999404907,0.09841869980816384,0.0032880195381079225
train,bf16,29558,59471,1,0.20364115097943472,0.29342642426490784,0.12539039330399404,0.006911965347877219
train,bf16,59471,59462,0,0.1926936579685585,0.21460121870040894,0.07872178615848319,0.03776589207386041
train,bf16,59471,59462,1,0.2086672764198452,0.32263636589050293,-0.024071580867403686,0.0007273647986241194
train,bf16,59462,16584,0,0.23675252877029718,0.3955339193344116,-0.1657126892103644,-0.010482895408188947
train,bf16,59462,16584,1,0.2127449783624388,0.36000967025756836,-0.005280573838602476,-0.024272880395147328
train,fp32,16584,40682,0,0.31805488736021753,0.07944613695144653,-0.15732713457226466,0.009433081222667561
train,fp32,16584,40682,1,0.2966641594381893,0.12452894449234009,-0.13083081593296192,-0.002470327599768854
train,fp32,40682,38942,0,0.27757192374834044,0.33320707082748413,0.5208077348174285,0.02659758823896685
train,fp32,40682,38942,1,0.23035325193716813,0.36854836344718933,0.6692216988206169,0.02247649742917779
train,fp32,38942,4905,0,0.2315152635761335,-0.0021538138389587402,0.12545590463729428,0.027912021357902106
train,fp32,38942,4905,1,0.24398681540894354,0.019190609455108643,-0.06577802765605287,0.07855346140679409
train,fp32,4905,17344,0,0.22113358740713077,0.09040269255638123,0.22362810750910272,-0.07976481944232827
train,fp32,4905,17344,1,0.2600779963474647,0.12675771117210388,0.2118207838339976,-0.12783921453725466
train,fp32,17344,32725,0,0.2250239802341835,0.296305775642395,0.16557274386944754,0.09555425345446815
train,fp32,17344,32725,1,0.226324208577474,0.2196662425994873,-0.04222977569650613,0.10739414753621229
train,fp32,32725,28449,0,0.276169057609209,0.3822063207626343,0.8755063053776708,-0.00958507882640705
train,fp32,32725,28449,1,0.29461225621840537,0.33894580602645874,0.963266246823907,0.011224155441256517
train,fp32,28449,4723,0,0.2446758544522952,0.04456496238708496,0.03482119850063081,0.18834224220769358
train,fp32,28449,4723,1,0.20640750959807766,0.1439833641052246,0.30393798955721046,0.0796203895540033
train,fp32,4723,70126,0,0.226336161295573,0.026643693447113037,-0.18745921760287035,0.01727885300698101
train,fp32,4723,70126,1,0.23108874551611022,0.055647432804107666,0.0496787921431104,0.01662377494713363
train,fp32,70126,26393,0,0.20845186320784823,0.17886167764663696,0.014059953060840402,-0.03060637742128358
train,fp32,70126,26393,1,0.19519728118298096,0.18039202690124512,-0.21309809846758732,-0.05306256976226453
train,fp32,26393,33748,0,0.17055996165556064,0.18222707509994507,-0.1341962961362036,0.1731565662507521
train,fp32,26393,33748,1,0.22229414297864325,0.18790531158447266,-0.17491783137478728,0.13759587564354786
train,fp32,33748,57293,0,0.26421261457056794,0.3940255045890808,0.6033327305857563,0.1786634237075849
train,fp32,33748,57293,1,0.3111392251806322,0.40373319387435913,0.6764299299556776,0.16478955205158086
train,fp32,57293,20217,0,0.22208766563265933,0.21758657693862915,-0.1886445195705336,-0.06463136502734854
train,fp32,57293,20217,1,0.20277578815136077,0.12563163042068481,-0.011356091076171193,0.017995987249673467
train,fp32,20217,15879,0,0.2013385648041769,0.26698291301727295,0.034622606271920736,0.09122852579238391
train,fp32,20217,15879,1,0.21504986831565306,0.18687760829925537,-0.014637486027172977,-0.025478564747639487
train,fp32,15879,69036,0,0.2900183584175859,0.23727643489837646,-0.1642353760261366,-0.017414473134508918
train,fp32,15879,69036,1,0.31030767104204965,0.22460517287254333,-0.20046506178750528,0.03336710518615954
train,fp32,69036,3625,0,0.3487573411729601,0.40544503927230835,0.7672695852078107,0.17205262543924185
train,fp32,69036,3625,1,0.33322942397173716,0.3772417902946472,0.6215181511279914,0.14611671640350304
train,fp32,3625,23696,0,0.21772444481943165,0.18855959177017212,0.033719993268314,-0.0891294653529924
train,fp32,3625,23696,1,0.2808115641276042,0.36988216638565063,0.17028227209382887,-0.09917085686745025
train,fp32,23696,44010,0,0.22800566729377306,0.038584768772125244,-0.101483013526708,0.12084050269655511
train,fp32,23696,44010,1,0.18883953717798974,0.18058240413665771,0.17554686994384805,0.11881583551278618
train,fp32,44010,21652,0,0.20624154782762716,0.26106178760528564,-0.07233887015531651,0.005462873280300873
train,fp32,44010,21652,1,0.26556900622797935,0.35907286405563354,-0.07813971844762038,0.14310715141472538
train,fp32,21652,6970,0,0.193647202635123,0.08819657564163208,0.03517773787872969,-0.004137842428778626
train,fp32,21652,6970,1,0.26887924094605287,0.06969499588012695,0.1024205602221891,0.06781424901690958
train,fp32,6970,35190,0,0.19960051393197256,0.3420087695121765,-0.6023730815374341,0.10789143633479475
train,fp32,6970,35190,1,0.22639710669424018,0.1546834111213684,0.14017088930499977,0.18051562000778154
train,fp32,35190,50780,0,0.31156449162103006,0.380435049533844,-0.08761000952992976,-0.00805325317850522
train,fp32,35190,50780,1,0.2355235679476869,0.2523044943809509,0.028664992519630145,0.01920939696728874
train,fp32,50780,45620,0,0.2542651307349112,0.2498810887336731,0.37933392744005767,0.09447689997318964
train,fp32,50780,45620,1,0.24308092204573892,0.3779955506324768,0.5247147429053686,0.08745190718147422
train,fp32,45620,27323,0,0.21570959652171426,0.4588618874549866,0.206009539504616,0.024263524671886805
train,fp32,45620,27323,1,0.29110374201356976,0.4057573080062866,0.2828292832962894,0.03846888632372497
train,fp32,27323,51581,0,0.200632815890842,0.01142042875289917,0.08478677973187744,-0.049981552714015276
train,fp32,27323,51581,1,0.23336689269620617,0.15913212299346924,0.1812049123795236,-0.00715275702056134
train,fp32,51581,7163,0,0.17140876919615503,0.24965423345565796,-0.030347651207721843,-0.0003264296427190616
train,fp32,51581,7163,1,0.22860573163998663,0.19843345880508423,-0.1437570291327188,0.06727294605974499
train,fp32,7163,50828,0,0.2164177190244587,0.19363775849342346,0.121403134886859,-0.02255014279894857
train,fp32,7163,50828,1,0.17424531325795287,0.27831530570983887,0.107749691047425,0.009267641903270007
train,fp32,50828,53785,0,0.19938844169666567,0.23094451427459717,-0.07956401971332158,0.07994391169703174
train,fp32,50828,53785,1,0.2831065209083307,0.4033467769622803,0.2564632936249352,0.24944954730111885
train,fp32,53785,1851,0,0.17388029908822256,0.2676684260368347,0.308321021417878,0.048217528421489575
train,fp32,53785,1851,1,0.22554945104262422,0.11477744579315186,0.13569607609315407,0.04777898885689516
train,fp32,1851,29558,0,0.19783968457988665,0.25013381242752075,0.09081321968891759,0.09377524673597062
train,fp32,1851,29558,1,0.2183478012583614,0.2647261619567871,0.007931802659792347,0.06678010261066933
train,fp32,29558,59471,0,0.21427067775352326,0.2474592924118042,0.10001901414742728,0.0034791601329861033
train,fp32,29558,59471,1,0.19659868626812715,0.3224714398384094,0.14381034382207894,0.004482429332428373
train,fp32,59471,59462,0,0.19484432943506183,0.2692815959453583,0.08222157733463245,0.03772463255711381
train,fp32,59471,59462,1,0.2080373626908447,0.3166322112083435,-0.012280061019333988,0.0033780788962944897
train,fp32,59462,16584,0,0.22284558863421658,0.4041752517223358,-0.1409584001194304,-0.026411343230525408
train,fp32,59462,16584,1,0.22046001658720116,0.3674367070198059,-0.0014500945889035638,0.009369533819859999
validation,bf16,43211,17865,0,0.29226232291826243,0.011647045612335205,-0.4024119608166785,-0.017754917472055487
validation,bf16,43211,17865,1,0.20631202747619237,0.14919894933700562,-0.17466224560592386,-0.024649539747423288
validation,bf16,17865,54054,0,0.31275312136980443,0.11491256952285767,1.115971821085452,0.3470765683208147
validation,bf16,17865,54054,1,0.30278484369415076,0.1501942276954651,0.8165863780249061,0.35661472969443714
validation,bf16,54054,25374,0,0.22649307250976566,-0.07795152068138123,0.18266556470955347,0.03131650382809592
validation,bf16,54054,25374,1,0.20901096817714723,-0.05857756733894348,0.05510331127637744,-0.0035225317592681993
validation,bf16,25374,48911,0,0.21568434970830777,0.18720951676368713,0.16425401024626116,-0.01637486772600233
validation,bf16,25374,48911,1,0.18369583927727995,0.11874222755432129,0.15133950514183794,0.021295310790749977
validation,bf16,48911,15191,0,0.19894665487451493,0.0944100022315979,-0.0039480622467239004,-0.013622720530975407
validation,bf16,48911,15191,1,0.27989764743381096,0.03306549787521362,0.002526388187988976,-0.09590856626841401
validation,bf16,15191,28157,0,0.18108657138799533,-0.06021595001220703,-0.13453043186930594,0.01726294764665788
validation,bf16,15191,28157,1,0.2431039997175627,-0.014898419380187988,0.16355826893115827,0.04318968764483877
validation,bf16,28157,29610,0,0.20863904766007968,-0.013232171535491943,0.13572344653694457,0.10812336248944163
validation,bf16,28157,29610,1,0.2003948136871937,0.030153870582580566,0.16296343405152444,0.12270546188139911
validation,bf16,29610,13223,0,0.2841036079755795,0.10196709632873535,0.17423507273894634,-0.10765557834008252
validation,bf16,29610,13223,1,0.21818172479766643,-0.01562631130218506,0.02209251342251457,-0.0897870652811793
validation,bf16,13223,62587,0,0.288057075450623,0.004567742347717285,0.48905782655113095,0.14181478500064776
validation,bf16,13223,62587,1,0.22804677626665903,-0.1058388352394104,0.38741831151248113,0.08975646363228884
validation,bf16,62587,34998,0,0.29861162971047794,-0.16952821612358093,0.3619819197906403,0.016671899487441577
validation,bf16,62587,34998,1,0.26904995488185507,0.15303754806518555,0.3230948101004749,0.03857885102110786
validation,bf16,34998,29815,0,0.1626272812388301,0.2609522342681885,0.08724779492713206,-0.01460493293314602
validation,bf16,34998,29815,1,0.2126585617564083,0.27702927589416504,0.177876300542037,-0.14200416915899894
validation,bf16,29815,42302,0,0.12261387444789111,0.2711790204048157,0.2134560364599802,0.03208915716905081
validation,bf16,29815,42302,1,0.16409604440327563,0.18023157119750977,0.19702447753366886,0.28699142110785053
validation,bf16,42302,68553,0,0.23177047928953484,0.09555122256278992,0.15621380928676204,0.038333735452147105
validation,bf16,42302,68553,1,0.23064203199997435,0.0877179205417633,0.05400289920847223,0.009601288293706323
validation,bf16,68553,65690,0,0.29249475516524964,0.22771453857421875,-0.10713917069995599,0.0015690246287484166
validation,bf16,68553,65690,1,0.23563236909754126,0.1196354329586029,-0.15333278991996208,-0.1072987443833367
validation,bf16,65690,41120,0,0.16583898207720582,-0.16752153635025024,0.10723200641643134,0.10263185264368524
validation,bf16,65690,41120,1,0.25743845023360906,-0.09726542234420776,-0.0395020158373655,0.16426099598158736
validation,bf16,41120,64050,0,0.19433669046638835,-0.006183326244354248,0.01258959647643302,0.0024173791700869557
validation,bf16,41120,64050,1,0.21957966922934546,-0.07516312599182129,-0.013292935888976162,0.001982362512759704
validation,bf16,64050,21558,0,0.23211297926559948,0.13337421417236328,0.5888584815583577,0.13945333650810304
validation,bf16,64050,21558,1,0.23330658557368264,0.15254026651382446,0.5213874268708564,0.027044666471255252
validation,bf16,21558,16800,0,0.18228218726862488,0.19713649153709412,0.3242095452858995,-0.009308785613226345
validation,bf16,21558,16800,1,0.20438893137414474,0.15799099206924438,0.022868760295647612,-0.05733035406436909
validation,bf16,16800,5683,0,0.11626286724813624,0.08946645259857178,0.049970619823558285,0.03216092593251024
validation,bf16,16800,5683,1,0.16222282858455875,0.09797918796539307,-0.20933269962027123,0.051406431634912986
validation,bf16,5683,29400,0,0.2457869236765345,0.26825863122940063,-0.09994585883541572,0.11883764552171705
validation,bf16,5683,29400,1,0.2111401875813801,0.27375197410583496,-0.057165449754914166,0.05086117621656444
validation,bf16,29400,51865,0,0.24738524193857223,0.08377140760421753,0.10535459073604096,-0.027638444973314524
validation,bf16,29400,51865,1,0.257305987987643,0.11174377799034119,0.32891552631067,0.023137754707869967
validation,bf16,51865,37899,0,0.19822968626334003,0.19120237231254578,0.03910408136043622,0.016301272373843434
validation,bf16,51865,37899,1,0.24822858423968538,0.12327808141708374,0.21439885639529757,0.045068523197234506
validation,bf16,37899,33256,0,0.23978728250740403,0.3826838731765747,0.08950509748825575,-0.13016168456782445
validation,bf16,37899,33256,1,0.2572097179936428,0.27085524797439575,0.25753348966523065,-0.05704110310913399
validation,bf16,33256,56963,0,0.11885699103860291,0.06825292110443115,0.07847917330959572,0.1008946407572151
validation,bf16,33256,56963,1,0.1817996355443219,-0.2717215418815613,-0.22286178463963713,0.02008827599407559
validation,bf16,56963,71264,0,0.21788458232006994,-0.12790727615356445,-0.2324786997580547,0.17607541738297006
validation,bf16,56963,71264,1,0.26331266515395213,-0.012609660625457764,0.07235176220542014,0.32962015831912816
validation,bf16,71264,38887,0,0.2121284434997958,-0.02087271213531494,-0.0604920742536422,-0.0679981089846764
validation,bf16,71264,38887,1,0.2662799560945797,0.10502582788467407,-0.23670398329315362,-0.0915291049615154
validation,bf16,38887,59101,0,0.26434060888352734,0.09484946727752686,0.27161755639826624,0.11935517179188954
validation,bf16,38887,59101,1,0.23702002631293406,0.2111964225769043,0.23737871485470535,0.13686600149872802
validation,bf16,59101,29511,0,0.28766573737649354,0.21680164337158203,-0.009033451290903022,-0.07376368311462361
validation,bf16,59101,29511,1,0.29299464506261486,0.11377853155136108,0.1607107642967485,-0.05002774592284506
validation,bf16,29511,58157,0,0.2591023264367596,0.16596809029579163,0.5398898055927068,0.2651777405402963
validation,bf16,29511,58157,1,0.2979234932294857,-0.053910672664642334,0.9404011322644513,0.3419825269302642
validation,bf16,58157,31251,0,0.22476541357102742,0.23741257190704346,0.3003401359590763,0.01654068317219548
validation,bf16,58157,31251,1,0.2605947506973167,0.3620675504207611,0.09558782493174524,0.1313535827280798
validation,bf16,31251,67261,0,0.23137885698306007,0.18323466181755066,-0.028269141322865836,0.03649092376429358
validation,bf16,31251,67261,1,0.1838240180919373,0.013819456100463867,0.026466550093413088,0.061991496798082885
validation,bf16,67261,43211,0,0.23328348795572917,-0.07140076160430908,-0.10572243399137157,-0.1994709758771159
validation,bf16,67261,43211,1,0.21188423306334248,-0.028512954711914062,0.2502192572514547,-0.22601245472386663
validation,fp32,43211,17865,0,0.2895011951720793,-0.0020763278007507324,-0.3976949183229508,-0.017815877996160412
validation,fp32,43211,17865,1,0.2056096095664828,0.17526286840438843,-0.1741744663085509,-0.02170496358881796
validation,fp32,17865,54054,0,0.32135923797009036,0.06876325607299805,1.1065366820003575,0.3677704292657511
validation,fp32,17865,54054,1,0.2988765442293453,0.11876654624938965,0.8182085573816471,0.35352476164099944
validation,fp32,54054,25374,0,0.22864892498340492,-0.026554405689239502,0.17891655464716927,0.026334842517008628
validation,fp32,54054,25374,1,0.20985240562289373,0.007806211709976196,0.062087285749385664,-0.0036188912807506024
validation,fp32,25374,48911,0,0.21181254168741057,0.19824010133743286,0.14189163222063456,-0.04664487265874612
validation,fp32,25374,48911,1,0.1846182131299786,0.07899060845375061,0.15828977071386935,0.03007402652533414
validation,fp32,48911,15191,0,0.19636249916226248,0.12195485830307007,-0.007336938347909463,-0.015589999293970647
validation,fp32,48911,15191,1,0.2720101948657067,0.05615729093551636,0.03369647651702949,-0.08443646220784887
validation,fp32,15191,28157,0,0.18092832876965895,-0.07416290044784546,-0.1310357069288326,0.016669937646999283
validation,fp32,15191,28157,1,0.26396987017463236,-0.025512754917144775,0.19869740095797273,0.05443984525269467
validation,fp32,28157,29610,0,0.21192396076676104,-0.000634610652923584,0.14139373755523954,0.11663482880991072
validation,fp32,28157,29610,1,0.19937743641971759,0.00613558292388916,0.1857856270102162,0.12448837736613047
validation,fp32,29610,13223,0,0.2835556080138761,0.1358080506324768,0.1755170404560571,-0.10664549941907264
validation,fp32,29610,13223,1,0.21593003615834352,-0.04372328519821167,0.02440101939954653,-0.08866310021060758
validation,fp32,13223,62587,0,0.28689958659652015,0.0006976723670959473,0.48607298645220476,0.14356910523880562
validation,fp32,13223,62587,1,0.22635059730679383,-0.11421340703964233,0.3899903989144267,0.09599680063602911
validation,fp32,62587,34998,0,0.29957156212501285,-0.16835102438926697,0.35484695913709796,0.013326196761733078
validation,fp32,62587,34998,1,0.26042698380214707,0.14779770374298096,0.2958756885938616,0.025878530940863398
validation,fp32,34998,29815,0,0.16551695680306633,0.26735591888427734,0.09279872867899581,-0.022629140200287168
validation,fp32,34998,29815,1,0.21202685786228545,0.29607313871383667,0.17987290565459169,-0.1375070748089911
validation,fp32,29815,42302,0,0.12013935762293197,0.3050084114074707,0.21317838536083822,0.033544185532708215
validation,fp32,29815,42302,1,0.16269355724060455,0.2019464373588562,0.19639773834448743,0.28706262502655033
validation,fp32,42302,68553,0,0.2290153952205883,0.1194453239440918,0.17382474293641803,0.041691611951866006
validation,fp32,42302,68553,1,0.23582757189382905,0.06963437795639038,0.0678549750591258,0.013454286669954296
validation,fp32,68553,65690,0,0.28765059327767567,0.32630404829978943,-0.09018947348977667,-0.00026103479580674716
validation,fp32,68553,65690,1,0.23244719162485958,0.07669231295585632,-0.12345001425621527,-0.08369763047033957
validation,fp32,65690,41120,0,0.16612363827773946,-0.2112676203250885,0.0998502942544638,0.10071109782716525
validation,fp32,65690,41120,1,0.2617888057933135,-0.08743083477020264,-0.05153158292609998,0.1605366127448711
validation,fp32,41120,64050,0,0.19757730321946487,0.0010547637939453125,0.009203898491574214,0.0019177308585918013
validation,fp32,41120,64050,1,0.2193145951414419,-0.08020853996276855,-0.007069814230694936,0.0023074550594792964
validation,fp32,64050,21558,0,0.2308748531964869,0.07724601030349731,0.573449911942785,0.14274145161504426
validation,fp32,64050,21558,1,0.24641369090360743,0.10359251499176025,0.48111386740495526,0.012089326896075836
validation,fp32,21558,16800,0,0.18017392127342477,0.18928784132003784,0.3247764434730667,-0.007707945238833003
validation,fp32,21558,16800,1,0.20185154434902217,0.22100120782852173,0.027992247648188334,-0.05752911608824912
validation,fp32,16800,5683,0,0.1209606195586959,0.05521589517593384,0.026908545563644505,0.025107018823045613
validation,fp32,16800,5683,1,0.1588734196681602,0.1291717290878296,-0.20284856775943935,0.04555077036645322
validation,fp32,5683,29400,0,0.24512645247714962,0.24339613318443298,-0.14120362099366018,0.1464194953926396
validation,fp32,5683,29400,1,0.21074669532526555,0.28269660472869873,-0.05663624870012929,0.044511003693984086
validation,fp32,29400,51865,0,0.2450312894933364,0.08103042840957642,0.10467669419869359,-0.030589374555309995
validation,fp32,29400,51865,1,0.25829789903428824,0.15927183628082275,0.3330991535906873,0.0500149049722145
validation,fp32,51865,37899,0,0.1955337773740681,0.2172672152519226,0.039882772279837775,0.009389880680965274
validation,fp32,51865,37899,1,0.25250956217447923,0.12513452768325806,0.19530475619883497,0.044021859459569365
validation,fp32,37899,33256,0,0.23681875490674778,0.3679569363594055,0.09723415136457807,-0.1271674947386791
validation,fp32,37899,33256,1,0.2618876139322916,0.2659284472465515,0.23619691223150785,-0.0713390433046651
validation,fp32,33256,56963,0,0.11870075300628068,0.03257638216018677,0.07347024173096034,0.1069335556503801
validation,fp32,33256,56963,1,0.1894539477778416,-0.2976530194282532,-0.28175607878788556,0.013311088953408157
validation,fp32,56963,71264,0,0.2186760946036943,-0.15560650825500488,-0.2206725520595234,0.1781741490505051
validation,fp32,56963,71264,1,0.2649736790875203,-0.007075905799865723,0.07905094337660826,0.3351957025198755
validation,fp32,71264,38887,0,0.21016693613887613,0.06884926557540894,-0.055148664334776526,-0.07612042269913027
validation,fp32,71264,38887,1,0.26378820082720583,0.1068500280380249,-0.23560770251330188,-0.08138986231430714
validation,fp32,38887,59101,0,0.25882405798419633,0.11629503965377808,0.28204692386480845,0.11504760233561995
validation,fp32,38887,59101,1,0.23807631847905167,0.2047366499900818,0.23781965327950602,0.1418824211703132
validation,fp32,59101,29511,0,0.2865587222030738,0.23006927967071533,-0.0029868256644207947,-0.07252537709116796
validation,fp32,59101,29511,1,0.29342758078980274,0.1068984866142273,0.17227311831758005,-0.049803462369315155
validation,fp32,29511,58157,0,0.2605433295754825,0.1866956353187561,0.547018991439909,0.278949479437034
validation,fp32,29511,58157,1,0.3040686314402062,-0.055890291929244995,0.9494055899145272,0.3604536263310659
validation,fp32,58157,31251,0,0.2241928848565794,0.2437596321105957,0.2973128766176871,0.009982339539930551
validation,fp32,58157,31251,1,0.2601743411394504,0.32757505774497986,0.09489514636414485,0.14696897515873325
validation,fp32,31251,67261,0,0.2291646072287965,0.10911181569099426,-0.0030313997455035033,0.044787950295474166
validation,fp32,31251,67261,1,0.19254173827327156,-0.03217345476150513,0.01609728008799366,0.06781331492995371
validation,fp32,67261,43211,0,0.23732506247127752,-0.08762329816818237,-0.1131599061488237,-0.19725905395949456
validation,fp32,67261,43211,1,0.2175931643816381,-0.002278447151184082,0.3420412915394373,-0.21778942518654443
