group,token,n_vertices,value_mean,value_std,parcel_mean_across_images_std
train8500,0,184,3.1009043935273715,1.9916789883980743,1.1939238156611167
train8500,1,293,1.4755190443835593,1.3572228591621602,0.8138225373131144
train8500,2,192,3.0556518015409346,2.2106983923963095,0.9864240820357285
train8500,3,204,2.867326934896732,1.6821399348470776,0.9075940644610035
train8500,4,408,2.590521944280183,1.3819813559230165,0.763012902961246
train8500,5,318,1.78652055054822,2.6675266782010802,0.9824846738930646
train8500,6,233,2.845128232774574,2.0768380672764173,0.9746113642112263
train8500,7,336,0.49925739596755525,1.0212175801937784,0.6169409459236614
train8500,8,241,3.1659718992955646,1.945699040567302,0.880022250203853
train8500,9,85,0.5788858716873992,0.6244453539781817,0.45753660871163593
train8500,10,381,1.3445296491487118,1.209137683821719,0.8209168231612967
train8500,11,326,2.32938430458763,1.4415851018562609,0.7950370859974486
train8500,12,201,0.4242359533105678,0.8488865036179025,0.622133977248411
train8500,13,218,2.0869154517601416,1.5959825990233627,0.8307544886580377
train8500,14,326,3.1888712135406783,2.8115672524693522,0.925794904058932
train8500,15,148,1.8456549027320828,1.0597440777445326,0.7140503099329707
train8500,16,137,1.1633502773916582,1.0926004039855763,0.6307332631185645
train8500,17,162,1.0126332942148857,1.483172682902467,0.48270727244818473
train8500,18,354,0.9039423035013575,1.0477439649346765,0.5833231129725791
train8500,19,182,2.3346054701422068,1.1925446877651893,0.5641051490061338
train8500,20,216,1.0719781799154562,1.5233181181827693,0.833943869688364
train8500,21,109,1.2966328938197795,0.9560537222226139,0.6693581447269445
train8500,22,222,1.22756209066079,1.1462678492097607,0.5711271163541604
train8500,23,102,0.8841225774767958,1.0349159472117013,0.774707843799176
train8500,24,370,1.8158324834066564,1.2183022206064678,0.6157346970350023
train8500,25,80,0.9517385779709738,1.1831816601215985,0.7937293925485996
train8500,26,178,1.57628135663467,1.2511689281900567,0.4495574448978348
train8500,27,358,1.257493241359011,0.9694584383181896,0.4083162733845972
train8500,28,130,1.3490346921813565,0.8949427503260586,0.5217843949891062
train8500,29,146,1.407179532365715,1.0508339310515016,0.6735312640220306
train8500,30,302,1.1293358025889249,1.6647297198206052,0.4377344339971143
train8500,31,326,1.576448391097279,1.1852637764573697,0.42940421856281186
train8500,32,323,1.9710525467683697,1.459947027218032,0.5092753424633211
train8500,33,256,1.2009820709199568,1.0748053783999791,0.5567474096262666
train8500,34,564,1.853750589590484,1.599029672544606,0.6156486203507766
train8500,35,176,2.2437112243501507,1.3705149243955717,0.7354055231887744
train8500,36,250,1.361520281817362,1.1739004251127114,0.5117548691622856
train8500,37,251,0.7204332798672425,0.9488415689831385,0.5444749071939354
train8500,38,410,1.444055987297727,1.2399383259296322,0.5463794449062717
train8500,39,184,0.2824353372922899,0.7082233829163757,0.4360020660507293
train8500,40,128,1.296082809546373,0.7670805574915184,0.39692717459827825
train8500,41,193,0.3292713369122289,1.0330208043706857,0.35980838080574223
train8500,42,208,0.8019325646824434,0.749595789935864,0.5154364298185858
train8500,43,401,1.8658027276401667,1.6096808904158417,0.4571159227319829
train8500,44,259,1.1544069426428363,1.4122706528575593,0.5448241483614987
train8500,45,208,0.582794510451325,0.9798423127224922,0.5736299702352923
train8500,46,343,0.07460903547457627,0.7523355622576183,0.4453355935553756
train8500,47,252,2.71140452614776,2.144752498097694,0.7695053582892262
train8500,48,225,1.1198341639099916,0.8901357934003024,0.4239415298922539
train8500,49,365,0.2032244686951971,0.7517395369400295,0.469427610218089
train8500,50,360,0.33284267749694824,0.9575345734842118,0.6496979107268965
train8500,51,221,1.5085614713276576,1.1992301593614987,0.6358841284034322
train8500,52,222,0.74662779926372,1.8191958023689405,0.4682279902620469
train8500,53,305,1.483680749387145,1.3709513120414087,0.7346371420590692
train8500,54,535,1.9243646598341355,3.382950658271266,0.723442868965546
train8500,55,305,1.7692480711131293,1.1829070876901195,0.6490628619377493
train8500,56,215,0.40530976511647876,1.0746676965108803,0.3074318740959644
train8500,57,276,0.5210963223408717,0.6964975909214742,0.3492547351511559
train8500,58,228,0.36046344828213867,0.9133432870397934,0.5799398553229269
train8500,59,245,2.035957004724106,1.750052040798563,0.5546296115855126
train8500,60,281,-0.002957904361182387,0.7347455768000041,0.37730075116300715
train8500,61,256,0.2910807250771489,1.225842063718582,0.6562034977904354
train8500,62,244,1.126660075023521,1.110972023542734,0.6490986874841116
train8500,63,158,0.16419193090884424,0.5656069650357873,0.33563379692492573
train8500,64,329,0.5260244826760802,0.8122728289169451,0.40430540126418835
train8500,65,252,-0.6512996110453768,1.584737326370629,0.33645924992386195
train8500,66,272,-0.1130130520269012,0.8193120563179017,0.5167616289707304
train8500,67,255,0.15708852154865974,0.7175705620073421,0.46839637897364345
train8500,68,171,0.1965951160920656,1.0432171632578404,0.2286531684744621
train8500,69,227,1.0344216418128829,1.0321476805835161,0.4473701486828292
train8500,70,364,-0.1143728284060242,0.761984477322331,0.48757630687998077
train8500,71,241,0.34139682641958735,0.7231591367473934,0.29829389771700743
train8500,72,167,1.2392022988771791,0.8140738610590551,0.5599313632536318
train8500,73,346,1.1603213629746632,1.0651053677877542,0.4215127812981818
train8500,74,318,0.35353107765685415,0.679413142532201,0.4288200069586345
train8500,75,276,0.45574375842549336,0.6842549505522437,0.42329267136330173
train8500,76,238,-0.02256809123549774,0.6608992713159619,0.41574277268383314
train8500,77,267,0.7134094469178213,1.214090454891492,0.6573250153565818
train8500,78,236,-0.19406594134607272,0.7715232942536278,0.4272833115424454
train8500,79,204,-0.029341352316857885,0.6522392354850056,0.35457619296180404
train8500,80,246,0.6053443907022533,0.6410130614833368,0.43338197592665845
train8500,81,175,1.845298313419059,1.4247585646397471,0.7315356957136991
train8500,82,155,-0.1480449659650809,0.6210844831892653,0.34675572314185993
train8500,83,176,1.1305291706298188,1.0249778435367898,0.4790902563516311
train8500,84,277,0.6435600048468086,0.8708995860989035,0.383725227415735
train8500,85,123,0.19745300436671417,1.0183835504999785,0.46844316055086704
train8500,86,214,1.2067693947745137,0.9899711719697749,0.42441737378504074
train8500,87,439,0.4325368226272075,0.855407341160598,0.4318940450975801
train8500,88,319,-0.04575983325034874,0.6347942539849871,0.384802983125445
train8500,89,189,0.46371292081169246,1.0978238800436184,0.60306618394166
train8500,90,447,0.17353530774393142,0.8417936256336485,0.4913067482462972
train8500,91,327,0.8179348594775543,0.9911475110811294,0.44406547211478997
train8500,92,185,0.27731740481214967,0.7844940626246006,0.6400157144998286
train8500,93,302,0.11701348700749502,0.42296697687326457,0.24772587099231375
train8500,94,214,0.3503767654009554,0.9041992924833444,0.44990314393969205
train8500,95,192,-0.16499187865090098,0.8302896000255338,0.5457033205658035
train8500,96,266,1.1535424052326204,1.2908459532103702,0.5602176992739423
train8500,97,143,0.3370762216780908,0.6949075586905556,0.5595582964544255
train8500,98,320,0.043689972664678924,0.5732301201021855,0.35869931429059393
train8500,99,292,0.14191372097436084,0.43549027068217205,0.2696816190762913
train8500,100,205,0.4480755276292782,1.2065017820089805,0.8523591268938068
train8500,101,440,3.669556265864358,2.511950518881788,1.142189556037513
train8500,102,280,1.7975201299735362,1.8793745824624324,1.005435253619169
train8500,103,192,2.121530272678019,1.483936481060273,0.7288906603591813
train8500,104,173,1.2550430212768047,1.197254865666362,0.8257391635136587
train8500,105,156,2.4878118478608204,1.6686611652087502,0.7759829987679815
train8500,106,294,0.668886045097297,1.1390075104099227,0.8356876430905181
train8500,107,306,3.0498052660142316,2.203681461092249,1.0446268821496323
train8500,108,265,3.6177586778273083,2.5823504434094477,1.0928789555074563
train8500,109,210,2.3957965774143037,1.632586765908391,0.7368233319921188
train8500,110,295,0.8600085008122536,1.6441839943845085,1.0535674019003956
train8500,111,252,1.4274831644772663,1.2236256220367296,0.8619430724396075
train8500,112,254,3.0352654824992027,1.8941799299855075,0.7783833065044706
train8500,113,296,0.7957841483518392,1.1280607584557518,0.5161849631663388
train8500,114,184,0.5561637341473402,2.370926423961398,0.7085878369098328
train8500,115,285,1.927621473709264,1.7044009793086978,0.9866389811292704
train8500,116,228,2.7936471470439272,1.5315854579125672,0.6954141810852529
train8500,117,212,2.067993291254599,1.373689751866028,0.7369638530518657
train8500,118,300,1.638611890827366,1.4269001650419069,0.6552443499365934
train8500,119,244,0.7706212401873279,1.0441799110305952,0.6546856958806635
train8500,120,411,0.5760861821769904,0.9776985546016839,0.5453963345222991
train8500,121,284,0.4273414683208003,1.224744677663433,0.6699125249436455
train8500,122,365,2.1694228024061264,1.28294791889625,0.5329720400991432
train8500,123,241,2.0113445131596253,2.106711460674916,0.6163423566198616
train8500,124,322,2.0617661149352573,1.6037030518116087,0.5947948913364893
train8500,125,343,2.279328279218987,1.4780994141693389,0.7534019133889619
train8500,126,253,1.9968321235585542,1.3740281653597317,0.7719542924489846
train8500,127,379,2.8286796396937954,1.4848245879160742,0.6368781393408313
train8500,128,315,1.737391013001022,1.2200055757754047,0.6376662798299211
train8500,129,300,0.4848707393196815,0.8827981806005176,0.5509141985090212
train8500,130,165,1.1135757707954943,1.5172628778019908,0.7485524762943402
train8500,131,327,2.3452802176850636,1.2811614483820073,0.6645154394879708
train8500,132,310,2.0104763492595317,1.606513787583813,0.7567696574271963
train8500,133,197,0.9137423977293696,1.8696671510980598,0.6324004682142488
train8500,134,302,0.45224277025956044,1.5424516405411464,0.3992891967719891
train8500,135,249,1.5514188264050932,1.3204182285231996,0.711562199588771
train8500,136,221,0.6846918241316582,0.8729602750706076,0.7043927159833987
train8500,137,203,0.06709395362117436,0.6649971574182598,0.4047061667650131
train8500,138,430,1.8765415017488793,1.772466526722303,0.5077248389515264
train8500,139,161,1.98762453774114,0.9621573314339863,0.5575957906913768
train8500,140,182,0.7915126317098328,0.7410388336207694,0.48998972127691737
train8500,141,434,0.9859397342195695,1.1404652472805925,0.7305032060976693
train8500,142,204,2.182370129661938,2.037915354670462,0.577180567973389
train8500,143,224,2.120548150968625,1.8757115090897452,0.8399515949898428
train8500,144,195,0.8561804417443658,0.9063736246500925,0.6746076556636139
train8500,145,216,0.8283698752509264,1.1715814921479473,0.36304152838537074
train8500,146,243,1.0733989859851105,1.1314747649180035,0.835957716139481
train8500,147,329,2.2629159534959133,1.7839974062474564,0.6582426748229557
train8500,148,301,1.2594455353587237,2.3348590000774427,0.8106532455673358
train8500,149,262,2.2480306836654216,2.2437270736231345,0.8410604596104541
train8500,150,178,1.168341234920812,1.7872140458098196,0.43749357957936125
train8500,151,249,0.8784765049808705,1.1720258122815062,0.49798360646586687
train8500,152,280,1.8195792883087802,1.6493239656051195,0.5506349428941366
train8500,153,233,1.606366939669508,1.2198785849830465,0.4556046018392955
train8500,154,292,0.36441361568211084,0.8516352508930376,0.4940287409444971
train8500,155,379,1.5252022047037042,1.1159118940945991,0.5683387769909541
train8500,156,250,2.741314598461774,1.275931264779758,0.7082345072932283
train8500,157,297,2.1863017078070577,2.6216455933621017,0.9272213795130919
train8500,158,314,1.549790780782488,1.8473467700132338,0.5633113139340847
train8500,159,478,0.8708829271466858,1.2362495334264543,0.653423339843371
train8500,160,329,2.0651248752851106,1.5957433369300342,0.5798278659022025
train8500,161,124,-0.11365339762575802,0.7839379495499161,0.5375408409087601
train8500,162,192,0.904896703753318,0.9623470757838373,0.511689183767873
train8500,163,192,2.3384140787859877,1.546399819331253,0.6803326204208254
train8500,164,325,3.9704644617695344,2.6109168750912874,0.9801132073573806
train8500,165,197,1.4297477874456215,1.3328714966733808,0.6061951783596967
train8500,166,190,2.119143462944298,1.6371475904065262,0.6664560008410946
train8500,167,434,0.3347572443165234,0.7607102332662763,0.39450977617702115
train8500,168,257,1.9080603206810656,1.4650363284630326,0.5147616989761965
train8500,169,172,2.145347526166322,1.5890432248133604,0.5430443540384536
train8500,170,274,-0.0241968849983304,0.7518042871530101,0.39907164567193215
train8500,171,626,1.0553060863878794,1.0443797644836583,0.5425366331748482
train8500,172,404,0.42235351670164456,0.87406402264993,0.3731980819989213
train8500,173,222,1.1554711715310677,0.9864829200327817,0.46206436056145056
train8500,174,289,0.49038465798040465,1.3145247720535034,0.37974066274810786
train8500,175,157,2.33298011986763,2.2516527412566414,0.5782086178228194
train8500,176,227,0.47859804137166995,0.9260768714035695,0.45383817837901386
train8500,177,340,0.3256935752595477,0.7079293777753293,0.4184771649410386
train8500,178,291,0.2672817849465148,0.5688008107325097,0.3208434299847939
train8500,179,158,0.5188760215591729,1.0192132310948339,0.5304365426395163
train8500,180,223,0.3577924872044134,1.626041867444179,0.5886526552779981
train8500,181,448,1.741281341478348,1.8533558840316047,0.7081533005620577
train8500,182,295,0.7318588184163607,0.9672496657007452,0.49307588346219405
train8500,183,193,0.03376683324500904,0.6177721427719566,0.3194197621152773
train8500,184,241,-0.07651617487974488,0.7764772744332145,0.4149872746376855
train8500,185,213,1.5192407332169877,1.0627539482041695,0.5628837378250537
train8500,186,232,1.2175125460696528,0.9660621973410801,0.4110133345102518
train8500,187,461,0.06041409552474339,0.7440233958641116,0.38795005494638674
train8500,188,190,0.40413288377599105,0.6597647565262342,0.3808708831221184
train8500,189,286,0.5855924375763375,0.9069599341359794,0.4259493208574471
train8500,190,185,0.4196628346617261,0.6536902966683024,0.37604586076108415
train8500,191,268,0.7558901053094698,1.0602293141170964,0.6470478269300913
train8500,192,481,0.5297445392603373,1.269169638727757,0.43420604495930065
train8500,193,226,-0.2690761339040141,0.8468659927229043,0.6567238666294936
train8500,194,286,0.47045621043993663,0.6606098381464751,0.37380054195919954
train8500,195,235,1.4848959207322414,1.1266360398091586,0.5252630200575102
train8500,196,339,-0.32276773537641706,0.9240345138231498,0.28881510676219146
train8500,197,223,-0.06253060179067745,0.7707121451195099,0.24421743645290048
train8500,198,172,0.012504911111897667,0.8007538101931495,0.50685364774241
train8500,199,342,0.07996083063996705,0.6673801700070505,0.3643850229018226
validation500,0,184,3.0770454850153226,1.97180836987548,1.1709572740009577
validation500,1,293,1.4377014035197078,1.3456818508330164,0.8040702349339067
validation500,2,192,3.0291580745867273,2.2100404336325177,1.0081835780897965
validation500,3,204,2.8407164840704455,1.6575282446594737,0.8808404961038357
validation500,4,408,2.5484050250290764,1.3613449143313083,0.7253084972234147
validation500,5,318,1.8418467578845057,2.648675848193248,0.996526894272463
validation500,6,233,2.811353396321593,2.0575166630625206,0.929683146163921
validation500,7,336,0.4567455855986442,0.9973215152362409,0.6029054274035607
validation500,8,241,3.116587408850519,1.9355206153732971,0.8541033089567397
validation500,9,85,0.5564015402594898,0.6164517091775938,0.44843633804061245
validation500,10,381,1.338418545992733,1.225078930186566,0.8423239171793561
validation500,11,326,2.3139601746588983,1.420571230561964,0.7517415068626372
validation500,12,201,0.3956346376531279,0.8145456291876058,0.5859247544224612
validation500,13,218,2.07661111239368,1.5630337356644337,0.7765293818345937
validation500,14,326,3.269084536885332,2.85349771366311,0.9310097914355036
validation500,15,148,1.820411570575338,1.0735260698374312,0.7417497972438025
validation500,16,137,1.1484770410384664,1.0777310765659924,0.5980207896334888
validation500,17,162,1.0189949837604542,1.4783366827720694,0.47895826096716093
validation500,18,354,0.8959937880466119,1.045144830835348,0.5812018301958011
validation500,19,182,2.3219736064967416,1.1923222140273666,0.5618614333636232
validation500,20,216,1.0888854470020624,1.5122490350268778,0.8181653535960596
validation500,21,109,1.2970470260044287,0.9823528078172807,0.6969378030905894
validation500,22,222,1.2291117697881664,1.152781861733712,0.571620502354258
validation500,23,102,0.8960669367510508,1.0373006437388184,0.7748799450985228
validation500,24,370,1.822264663938044,1.2192518892377766,0.6211461044365285
validation500,25,80,0.9717075033056766,1.191035810830365,0.7965099224242059
validation500,26,178,1.5759487080962333,1.2518953380270268,0.44349737422548197
validation500,27,358,1.2450353439799728,0.9661794122228556,0.41153390273196355
validation500,28,130,1.3533183392349701,0.887214092674681,0.5196723228994478
validation500,29,146,1.4226441593273786,1.0646539486270616,0.6813602662022485
validation500,30,302,1.1527756286780992,1.6495465622370662,0.44393653244970716
validation500,31,326,1.5732837568859408,1.1736322410363558,0.4213941396511763
validation500,32,323,1.9827929227320202,1.4571506899768718,0.4943430535049765
validation500,33,256,1.2186724581116453,1.0686930559753862,0.537936574102695
validation500,34,564,1.8653649870136848,1.6100750609856165,0.6115590016121859
validation500,35,176,2.257096648651347,1.3803142451638706,0.7533569189932667
validation500,36,250,1.3817786376015377,1.1710029371996413,0.5027012395786012
validation500,37,251,0.700174981353592,0.945363023665434,0.5428338506928819
validation500,38,410,1.4631230028598183,1.2413734182835756,0.530616383925747
validation500,39,184,0.28437304387076984,0.7050228871622546,0.4273526619097513
validation500,40,128,1.3128893975764804,0.7766204937410902,0.4091665143239414
validation500,41,193,0.31203635615644276,1.0315305007193467,0.3581904269387526
validation500,42,208,0.8184100813286763,0.7771896594148683,0.545535138292081
validation500,43,401,1.875679364370944,1.631705575046291,0.45342336078563616
validation500,44,259,1.1635048727393051,1.4356942747635726,0.5669538281018092
validation500,45,208,0.5842420775809418,0.9908342658096044,0.5824269900235771
validation500,46,343,0.0822931182926988,0.751158768363051,0.44004404635181266
validation500,47,252,2.7519003579800847,2.1746792829654846,0.75836117361999
validation500,48,225,1.1306624095665343,0.8894036794912344,0.4093989751138061
validation500,49,365,0.17931912616723789,0.7412700932223547,0.45298729572287155
validation500,50,360,0.32786237917216837,0.9535130587572952,0.6353456835624842
validation500,51,221,1.5150290448946846,1.2124852045995287,0.6596529932043983
validation500,52,222,0.7558395934511819,1.7942474240569908,0.46449542864236043
validation500,53,305,1.5077421905293171,1.3932896221800362,0.7497185156070298
validation500,54,535,1.9111716427551588,3.3663769789921427,0.7249888257074123
validation500,55,305,1.7855565925585537,1.1893183639587295,0.6512529264969759
validation500,56,215,0.41172252598479875,1.0745516737104852,0.3020094069591989
validation500,57,276,0.5449933474394497,0.7034418145165794,0.34617014312146854
validation500,58,228,0.34694368287910693,0.9066695432382142,0.5566525731689843
validation500,59,245,2.0393521435481747,1.7480265259585852,0.5451780087362715
validation500,60,281,-0.017566111582380736,0.7237086584456995,0.35930062085276804
validation500,61,256,0.2803088160646562,1.26477357848531,0.661145187465036
validation500,62,244,1.150765301205974,1.1306735848947116,0.6611809937771295
validation500,63,158,0.16136949479674553,0.5493996406614738,0.31312086157021396
validation500,64,329,0.538399990136284,0.800473417970148,0.3910784505660869
validation500,65,252,-0.6311390396686892,1.5742713776780988,0.34089502376738373
validation500,66,272,-0.11951150621288402,0.8090336493904082,0.5099654861302056
validation500,67,255,0.15648832395158294,0.6959192527388461,0.44703010558543205
validation500,68,171,0.20303273648029127,1.0397294897294955,0.23664836782512433
validation500,69,227,1.0310593303846984,1.0379694330249076,0.462100882204325
validation500,70,364,-0.13836095455073058,0.7357481223606313,0.44860519576754937
validation500,71,241,0.3356653281582291,0.7227357830661927,0.291893593824687
validation500,72,167,1.2520386640777106,0.8315934758208552,0.5788700637362048
validation500,73,346,1.173247980200983,1.0658252423001398,0.4039137491045396
validation500,74,318,0.35932756605452737,0.7000414111852906,0.45372412734503925
validation500,75,276,0.46161870874431404,0.6926156822969918,0.4279131522248755
validation500,76,238,-0.022178324353375717,0.6502023330370643,0.4064226739401596
validation500,77,267,0.7147884829784116,1.237612784270149,0.681697061508119
validation500,78,236,-0.21251942364722073,0.7574547904891387,0.4102007004454985
validation500,79,204,-0.029877306173169558,0.65279506408206,0.3555434400559828
validation500,80,246,0.5939355339396587,0.6645877475968582,0.46250508519050604
validation500,81,175,1.872357177885387,1.4431257790363752,0.7376222778256808
validation500,82,155,-0.16065098247357965,0.6115814510687676,0.32572635801849525
validation500,83,176,1.146140982232689,1.0300265172052414,0.49957410467746094
validation500,84,277,0.6375395986027638,0.8891784103840411,0.4003163564058987
validation500,85,123,0.18438680064004295,1.0050545856931867,0.43710603072982285
validation500,86,214,1.221325424521973,1.0005363395419098,0.43060543298883164
validation500,87,439,0.4253424864717184,0.8570999706172385,0.4261076486261741
validation500,88,319,-0.06888628422113499,0.6184931890240642,0.3664745717629795
validation500,89,189,0.4928329344845486,1.1038657282525226,0.596428556226345
validation500,90,447,0.16953328997657444,0.8330834546343077,0.4688861403191415
validation500,91,327,0.8314988840362575,1.0128007626611124,0.45481755394065926
validation500,92,185,0.2631143568941351,0.8074034512321103,0.6623158685015151
validation500,93,302,0.10752937930940713,0.4231197608162626,0.24655623518938072
validation500,94,214,0.33719975666210644,0.9017201846257619,0.43565825842470607
validation500,95,192,-0.1645871468095596,0.8235070490679451,0.5262707872790732
validation500,96,266,1.1731169304143771,1.307336785395683,0.5658146112734647
validation500,97,143,0.3469547954759196,0.698140877895611,0.5621935180455131
validation500,98,320,0.04901453495640368,0.5947507548302701,0.38405197973950816
validation500,99,292,0.1358625385195743,0.4378076837842807,0.27437018063979474
validation500,100,205,0.4100995817070959,1.1938072077613395,0.8448440156580705
validation500,101,440,3.72082836202543,2.5294997760402538,1.1041488697593227
validation500,102,280,1.7381301605808168,1.867138795809329,0.9925442322051243
validation500,103,192,2.097524468316685,1.493251498490726,0.7217344068571101
validation500,104,173,1.2669579672982598,1.2052945871757776,0.831718155708645
validation500,105,156,2.4705116945466505,1.6682438263190433,0.801291955678713
validation500,106,294,0.587879693860814,1.1258553626610897,0.8294384633814101
validation500,107,306,3.057054264778911,2.193014625637444,1.0059907535851527
validation500,108,265,3.589339816277235,2.528379118818063,1.0240167245741632
validation500,109,210,2.3765598433237183,1.6086011007122916,0.7290688082629875
validation500,110,295,0.7963884099267999,1.618419569830826,1.0345518556315068
validation500,111,252,1.378327194174809,1.2048968383805023,0.8409626558546115
validation500,112,254,3.0539819877868175,1.89312947123695,0.7524235691345855
validation500,113,296,0.7620813119254041,1.1163504573676417,0.5114198801350547
validation500,114,184,0.5663033176902971,2.370215765943223,0.7076634572164614
validation500,115,285,1.9643191255554708,1.7251280993987093,0.9807287829108603
validation500,116,228,2.778857174599534,1.5430038519485147,0.7081530237609769
validation500,117,212,2.072904389728622,1.3482276607517154,0.6977698320223569
validation500,118,300,1.645321483238335,1.4319574652952298,0.6649988241902629
validation500,119,244,0.7259616528423775,1.011784596480506,0.6156884217790264
validation500,120,411,0.5771511972317022,0.9940676671822787,0.5511279606833681
validation500,121,284,0.4197946108227512,1.22192294190326,0.677213495823042
validation500,122,365,2.1811697870175446,1.2761369908719262,0.5225761627645121
validation500,123,241,1.9961822733929728,2.102660849781139,0.6068947269643729
validation500,124,322,2.0718633317048734,1.5926717517608981,0.5845894600357454
validation500,125,343,2.331002759233765,1.4737288930510735,0.7515739462358537
validation500,126,253,2.0060666254274944,1.3940887073145352,0.7850979756435263
validation500,127,379,2.830911144436815,1.50998210942955,0.6597006748860392
validation500,128,315,1.757296075399532,1.2294773715504534,0.6410751793232892
validation500,129,300,0.45819675780176505,0.8698198501572052,0.5493626541623365
validation500,130,165,1.1290212580694232,1.525480786221637,0.7270342055306421
validation500,131,327,2.3718882653196927,1.286970318441292,0.6621352201379043
validation500,132,310,2.015715378166476,1.60498618622724,0.7591676744496965
validation500,133,197,0.9288789978982838,1.8625640163914599,0.6319557108531714
validation500,134,302,0.466017235487238,1.526946979327336,0.3949537686469962
validation500,135,249,1.5339735822065363,1.3330097413444215,0.7255310335226923
validation500,136,221,0.6422744566395058,0.8677080168064262,0.7069926093966856
validation500,137,203,0.04683280608217988,0.6509338769306682,0.3895187260690248
validation500,138,430,1.8857792135374232,1.7832490845914322,0.511395588109679
validation500,139,161,2.0035368197923162,0.9688043731092971,0.5593383638014877
validation500,140,182,0.7772664913783587,0.7520470784121668,0.5009978882658138
validation500,141,434,0.9731351647227777,1.1614630713842056,0.7468603630477221
validation500,142,204,2.185790617494536,2.051932633268837,0.5871376416252008
validation500,143,224,2.097345815296782,1.8897136532071444,0.8369147843965266
validation500,144,195,0.8370626755190552,0.9127363549319958,0.6775055707009238
validation500,145,216,0.8116098095093883,1.1659137561567419,0.3577718472589956
validation500,146,243,1.0865583356665989,1.167178960533184,0.8745730806730012
validation500,147,329,2.302586718852462,1.8064772498045156,0.6697445826337034
validation500,148,301,1.2602242023493249,2.346283681832864,0.801682076293006
validation500,149,262,2.2817521512036207,2.265229685226957,0.8412495131623884
validation500,150,178,1.168393000602895,1.7772715108629833,0.4295132681218311
validation500,151,249,0.8793463438866512,1.1823900806638838,0.5032157666092361
validation500,152,280,1.8428836309981822,1.6579389793111852,0.5424109625873984
validation500,153,233,1.6222066817690393,1.2247118134757564,0.4510327054009415
validation500,154,292,0.34050104999276587,0.8422726514240252,0.48674729269109096
validation500,155,379,1.5480743483922133,1.131794566689003,0.5760315911898165
validation500,156,250,2.7703812965943553,1.2921194029301464,0.7212694700753807
validation500,157,297,2.156189282365855,2.6388576876303094,0.9314403499358618
validation500,158,314,1.5652212294049157,1.8684820752783393,0.5697362095685807
validation500,159,478,0.8769440600775841,1.2513241219516864,0.6652384274502948
validation500,160,329,2.076945069930448,1.61050829478361,0.5819378590603349
validation500,161,124,-0.10926927572285208,0.7671590389282316,0.5115117790695523
validation500,162,192,0.8840676167860609,0.968256282211506,0.5117696056603438
validation500,163,192,2.352172464369895,1.5615691902821272,0.7057754736470692
validation500,164,325,4.023085039912985,2.640071708921491,1.001682192806756
validation500,165,197,1.426056262029843,1.342269973726342,0.6122189935720351
validation500,166,190,2.1398371254364394,1.6434307349464337,0.6795963656225105
validation500,167,434,0.31957573724929367,0.7507877179725575,0.38200639822083216
validation500,168,257,1.9225785961779465,1.4658956916408437,0.5056668749601158
validation500,169,172,2.1484840826979186,1.608274114076293,0.5573434373621613
validation500,170,274,-0.0400002069609404,0.7485619405301935,0.3817694988063738
validation500,171,626,1.060085743465446,1.0636218564242126,0.5633020275127191
validation500,172,404,0.4202402847508673,0.8689532348699291,0.36550650616120967
validation500,173,222,1.1734352589289487,1.0003256507841969,0.4782226083779815
validation500,174,289,0.499937107249014,1.3399765347300936,0.40148606739733594
validation500,175,157,2.353982010528373,2.236094360630381,0.5534903928171537
validation500,176,227,0.47769355976255007,0.9476694390818469,0.46737858507857255
validation500,177,340,0.35034878794547886,0.7178948136212687,0.4328135152340548
validation500,178,291,0.2684485972224641,0.5736347883669917,0.31573127435905063
validation500,179,158,0.5092995985992713,1.0207288270364634,0.5224044233848792
validation500,180,223,0.3507478292674567,1.6338645706034456,0.5510658445533392
validation500,181,448,1.7791903738124213,1.8789523684743292,0.7311055497388175
validation500,182,295,0.7388289803645121,0.9877257499755334,0.507503446371211
validation500,183,193,0.025984091088929198,0.6035876644333372,0.3028801382470937
validation500,184,241,-0.09501339859589727,0.7652961206592667,0.397847264842299
validation500,185,213,1.5522064103517523,1.0824558802219515,0.5717511854396748
validation500,186,232,1.2189127060828788,0.9651180975754834,0.4103020877291369
validation500,187,461,0.05682401273607889,0.7409240495966347,0.3805674414752118
validation500,188,190,0.4129285741329878,0.6818176458108294,0.3937594047336982
validation500,189,286,0.5943580256217028,0.932057629897371,0.4414460494657223
validation500,190,185,0.39483884591502955,0.6599484669778198,0.3855493280267108
validation500,191,268,0.7471141910012669,1.055155487969729,0.6368911137917442
validation500,192,481,0.5056815220795977,1.261362629461221,0.4182116678677552
validation500,193,226,-0.29631987798741755,0.8153423629135521,0.6193879667157688
validation500,194,286,0.4783952286223068,0.6632131466332783,0.3749530482993842
validation500,195,235,1.5117166145801897,1.137832534736309,0.5277557723917399
validation500,196,339,-0.3106918484272143,0.9230713164822716,0.2836788364954428
validation500,197,223,-0.06252911136242215,0.7711140529524805,0.24600611484151574
validation500,198,172,-0.0004001240026655703,0.8228210320240642,0.5196956410071168
validation500,199,342,0.09436452620047937,0.6864895670034652,0.37434691300449086
train32,0,184,2.8982104973537064,2.057224526725322,1.356199682968145
train32,1,293,1.3917050535320032,1.304656599447532,0.7971664419852208
train32,2,192,3.144107295678642,2.1377072023189774,0.8804087812777552
train32,3,204,2.711969842168307,1.6097469000151137,0.8496937954193621
train32,4,408,2.514072208647478,1.3968974414734356,0.8017527660911441
train32,5,318,1.6001186460584675,2.67771405242854,0.9395324027006461
train32,6,233,2.924823519868244,2.019872760283988,0.967225753784039
train32,7,336,0.45422975203557653,0.9943787154137353,0.6126135483274971
train32,8,241,3.272610254169285,1.9855469076459233,0.9602309267366379
train32,9,85,0.5775363954367656,0.6172203754003059,0.44669623908278144
train32,10,381,1.4660876795300226,1.2181587243838774,0.8092642257593508
train32,11,326,2.2318506614760207,1.43713027060657,0.8218396946253168
train32,12,201,0.4754755947054724,0.7617607668025311,0.5345473855367484
train32,13,218,2.0362575982365176,1.5451731844502918,0.7896770575829507
train32,14,326,3.093902718707483,2.726691479043447,0.8413713857744191
train32,15,148,1.7221490126054984,0.9399806790361234,0.5188817074451084
train32,16,137,1.107365137992172,1.063283563685898,0.6380039819836566
train32,17,162,1.0407578517149123,1.5255466498844685,0.4997119302608624
train32,18,354,0.7900275410811533,0.9653000302547711,0.5008713859700601
train32,19,182,2.339087398420883,1.1306270303125703,0.5136152369740289
train32,20,216,1.010159302522614,1.4092675667899175,0.7550397081494133
train32,21,109,1.4379773659849489,0.9614851640358368,0.6585934224494698
train32,22,222,1.162446993097657,1.049748383515422,0.47299413239095395
train32,23,102,0.9593859401706515,1.0653735042917545,0.8011092901028501
train32,24,370,1.8541291737419419,1.1798515743674665,0.5968151337422454
train32,25,80,1.0650351777346772,1.1922726070344392,0.7547615915861541
train32,26,178,1.5379187541094028,1.2431339927656904,0.4969873815078562
train32,27,358,1.2362580882803456,0.919559104984707,0.39962775537403256
train32,28,130,1.2687329003212793,0.8609943491721368,0.5058864330034422
train32,29,146,1.5264731269356548,1.1168021292668255,0.7235357743875639
train32,30,302,1.0409797616291463,1.6336130574533514,0.3789123860681069
train32,31,326,1.527812885666102,1.1383805245484284,0.40667888473700653
train32,32,323,1.9259302009235337,1.407571323517151,0.4955611182194378
train32,33,256,1.193140730931713,1.0811763754409913,0.5477548473552185
train32,34,564,1.8829168115205601,1.507474148584898,0.4964070976245306
train32,35,176,2.318055853520863,1.380630327254385,0.7238625284495572
train32,36,250,1.3268758230554922,1.1455611882423475,0.5191572628041976
train32,37,251,0.7987356548986705,0.9680014358180844,0.5529050490828303
train32,38,410,1.3123991123723695,1.124933836749096,0.4872579729641791
train32,39,184,0.23788476630129382,0.6531310086067184,0.4081505446119795
train32,40,128,1.303467810307552,0.7158469367360517,0.3686249234069046
train32,41,193,0.368547668723408,1.0598576061944014,0.42923171851631126
train32,42,208,0.6702836281348648,0.6185820409329034,0.3803668142220745
train32,43,401,1.8989816450621877,1.5850201169776947,0.4550696222242613
train32,44,259,1.0530234578561817,1.303696473831178,0.38804000908275715
train32,45,208,0.5378820811565587,0.884317435778695,0.440592555895738
train32,46,343,0.049550419209209544,0.6875323072833093,0.38773750941719853
train32,47,252,2.7439603066230926,2.044803057567768,0.48649296796322533
train32,48,225,1.0775972696387563,0.821166423614644,0.38765180933128895
train32,49,365,0.11576196191729164,0.6742831687621749,0.3316705828372468
train32,50,360,0.33261935521370184,0.9125202955469844,0.5795484113418147
train32,51,221,1.5083120017413392,1.1461404420625574,0.5355443602087815
train32,52,222,0.6203822939888014,1.7573681124601401,0.4028202009903211
train32,53,305,1.540506467018162,1.3592393140069319,0.7204933105489565
train32,54,535,1.8532673376409063,3.2112606858732198,0.5989103258245373
train32,55,305,1.810893168176374,1.1422050919391613,0.5326927722379896
train32,56,215,0.3376341262870426,1.0147891126865112,0.20305101086169122
train32,57,276,0.5110447910209112,0.6860267393216284,0.34570207939769454
train32,58,228,0.40459207695166677,0.8880163446006487,0.5489959172420109
train32,59,245,1.996986421674178,1.6914817927837624,0.5854303471566162
train32,60,281,0.005286961107431707,0.6998742049174917,0.3531844372996472
train32,61,256,0.31478983881971345,1.1644227459090102,0.6549675070675096
train32,62,244,1.201660210015674,1.113999161751377,0.5956625202290432
train32,63,158,0.22514484784324515,0.5675649115404939,0.32989501485051953
train32,64,329,0.4398087952069136,0.7788082161723082,0.35442801257758166
train32,65,252,-0.7224228231515741,1.6533033001984898,0.2922513965228244
train32,66,272,0.01631273825503018,0.8691340703865141,0.5836079745422035
train32,67,255,0.2542487699414029,0.6985697938175212,0.43130662006203035
train32,68,171,0.2013604859592192,1.0332595371766167,0.24814286426911492
train32,69,227,1.0475518746041312,1.0231698859399179,0.43162165419306703
train32,70,364,-0.16553938503990728,0.6958304333648208,0.4472375766842328
train32,71,241,0.32842554540102376,0.6825863987811273,0.31265245174145917
train32,72,167,1.1322471529782818,0.7508299476774287,0.47525555672235836
train32,73,346,1.1984051597621732,1.0703524015664223,0.41449782007047087
train32,74,318,0.2072637543459872,0.5743334333944964,0.31591445450374034
train32,75,276,0.4968877668461606,0.6387031632890317,0.37855230134715684
train32,76,238,-0.0002778376065160948,0.6048986446058191,0.3636481269291772
train32,77,267,0.4962312503506401,1.0397219043311379,0.5891005156643039
train32,78,236,-0.1772373374264196,0.7163744980807226,0.34592253410604984
train32,79,204,-0.004003956889393095,0.691158981304118,0.4063854018254257
train32,80,246,0.518077721675244,0.5672298111694646,0.3909815386923568
train32,81,175,1.659273564546212,1.2674787954818933,0.5466556190175814
train32,82,155,-0.12011896600812297,0.608728698933631,0.32433193652172115
train32,83,176,1.0806986926629547,0.9884195603549982,0.44504430542748463
train32,84,277,0.6137408973991643,0.8764107364734592,0.3752713908913397
train32,85,123,0.20966819045652965,1.0722516476161221,0.4199700372771945
train32,86,214,1.2724521984866604,0.9650519190165112,0.34642488115247405
train32,87,439,0.5598831359619126,0.8493980321474991,0.3742988127320996
train32,88,319,-0.09976251061200217,0.5368161325978894,0.2943531725014544
train32,89,189,0.5180441897356879,1.2299021548528388,0.5216214566469782
train32,90,447,0.23153182642637943,0.8601537871953158,0.4800007299893409
train32,91,327,0.833078214581175,1.0122222647196106,0.45483847987339987
train32,92,185,0.3583976183476242,0.8273384755487515,0.6765881416516922
train32,93,302,0.1265191410940579,0.4002352631872022,0.21379952717820108
train32,94,214,0.4463413784653151,0.9429032180806812,0.5270905711052352
train32,95,192,-0.08590100120135465,0.9013599034348608,0.6345793884344268
train32,96,266,1.103141266328027,1.2582062307445414,0.5673827692104118
train32,97,143,0.296443322996724,0.7493532661725939,0.6165587242280421
train32,98,320,-0.07579302038476214,0.5103646371802855,0.31994371684382544
train32,99,292,0.1428691867642555,0.39568264084883875,0.20323950857560913
train32,100,205,0.4644943824142679,1.2241669746581112,0.88565263154714
train32,101,440,3.681008560052355,2.30104990665665,0.7368044343121799
train32,102,280,1.7304781731923395,1.912494657665018,1.0708791433872409
train32,103,192,2.108462552543538,1.4985937504036195,0.6959431710041734
train32,104,173,1.2734961870003072,1.2140931796679784,0.8316860650814927
train32,105,156,2.412128073581108,1.5842877429532012,0.6936892142025346
train32,106,294,0.6379032925643223,1.0829929088168826,0.7796081835424736
train32,107,306,3.250547071333083,2.135491332313821,0.8056250992360463
train32,108,265,3.7867132957452134,2.536908153267059,0.8737203907663048
train32,109,210,2.5696284054531047,1.6762430089170783,0.6744606845642542
train32,110,295,0.9609790017805331,1.7714966122901308,1.1718070624762829
train32,111,252,1.5254204538896807,1.1925118324135662,0.8344769921322002
train32,112,254,3.0554840978294453,1.8538032157082038,0.73883083761509
train32,113,296,0.7996611374817748,1.1401843633834012,0.5414387388931027
train32,114,184,0.38412029931862063,2.2980065140659014,0.6514558636114517
train32,115,285,1.809044009589866,1.6347301405651589,0.9059109017224869
train32,116,228,2.742335328239629,1.3891822318702036,0.4648715995468251
train32,117,212,2.2414242235668014,1.3806755818243526,0.6807079583855935
train32,118,300,1.5882674887513863,1.3861805109554262,0.640900123402246
train32,119,244,0.9026557209547151,1.079390142763116,0.6690589057655706
train32,120,411,0.5172205232506801,0.9002452453728167,0.4768023410641917
train32,121,284,0.4653865885083543,1.3117195782611624,0.7480733625408121
train32,122,365,2.1459794701867083,1.2502583313443165,0.47392853058753803
train32,123,241,2.0220629657114277,2.053199188486389,0.43530823606018826
train32,124,322,2.081703636880236,1.5478547048051232,0.4956692761736637
train32,125,343,2.2543650845660053,1.4172107817241102,0.5930559911240715
train32,126,253,2.15793173206558,1.409024181951521,0.7539251075860645
train32,127,379,2.7877465942974378,1.3989201456357871,0.5073972780394882
train32,128,315,1.7294906388365037,1.2570656165304241,0.6627129906778491
train32,129,300,0.5760921930095961,0.9557520781361432,0.6285563142654931
train32,130,165,1.1346345433085707,1.5373088127358248,0.7012480546304395
train32,131,327,2.3463139025993116,1.209343707892876,0.5630972586998718
train32,132,310,2.0740612321848975,1.585148527381793,0.6889631449149548
train32,133,197,0.8124577608464486,1.8732466383389632,0.7553253673569045
train32,134,302,0.3662462373002362,1.5192886182848038,0.33913258042104943
train32,135,249,1.6658583226691193,1.3202275033172806,0.734221649222786
train32,136,221,0.7608396528714486,0.9507506124737743,0.7730417576458313
train32,137,203,0.10117322477219715,0.6520196779337233,0.40053632618926444
train32,138,430,1.912778513494775,1.8851015263119886,0.5897039156904119
train32,139,161,1.9628306146765704,0.9032660205156213,0.4682589935853519
train32,140,182,0.9101747547079507,0.6985832803139572,0.4157519378694697
train32,141,434,1.0761270706738342,1.1118090951601396,0.6756034562732982
train32,142,204,2.192591255226421,2.0142293552757775,0.5506358347331223
train32,143,224,1.995128824548317,1.773254645104082,0.7318886905681268
train32,144,195,0.9898029385013778,0.929808729981709,0.7149567332024749
train32,145,216,0.8932125805066099,1.2029423972703275,0.43047757246753227
train32,146,243,0.9122376461297038,1.03012992198646,0.746859490355993
train32,147,329,2.1230606079704715,1.6893082706358453,0.5808934483898579
train32,148,301,1.3909395979611558,2.4031801012248453,0.840283060037344
train32,149,262,2.2336067178548737,2.2455487311421183,0.8086861574719106
train32,150,178,1.1369962752284428,1.7676480668496835,0.39129638497774916
train32,151,249,0.8419367395648829,1.1517420485430794,0.5089227901960118
train32,152,280,1.771569410675355,1.55714771849673,0.48086210718594835
train32,153,233,1.5352088087907767,1.1747901909428415,0.43630660779602626
train32,154,292,0.4429980734497716,0.8478519390286315,0.4733329132936696
train32,155,379,1.550982474470606,1.0827614277023214,0.5298812029448163
train32,156,250,2.824004935350167,1.2643795815468675,0.681969348458232
train32,157,297,2.111280600289313,2.5791778416753277,0.7816738035183501
train32,158,314,1.5680132613906297,1.8629669333873264,0.5836343427689422
train32,159,478,0.921840389189137,1.2148291919583865,0.6014239245379994
train32,160,329,2.0018011277178185,1.4687550073738078,0.4469920895517226
train32,161,124,-0.14985832147796843,0.7011925904930048,0.4252163804751543
train32,162,192,0.9772053756497231,0.9970722337578299,0.5077491107931656
train32,163,192,2.346376869556657,1.5834573091828439,0.7122757982649216
train32,164,325,3.9385695558627147,2.538423360341614,0.8645288716497789
train32,165,197,1.58756836092454,1.3402356894713976,0.5194621436612513
train32,166,190,1.942411101482886,1.5349699726166062,0.6357210377283381
train32,167,434,0.4534642251613833,0.7982174167580774,0.44799362241588236
train32,168,257,1.881770094212089,1.4683123128488638,0.5940771948778752
train32,169,172,2.177285399858425,1.6118517118265623,0.5113319069537291
train32,170,274,0.04621328075084248,0.8162836062451753,0.45952113035395703
train32,171,626,1.120238228950934,1.0033194407267625,0.4893265248451618
train32,172,404,0.41188963804772544,0.9087627377874599,0.4312262597555938
train32,173,222,1.1444806787014123,1.0054955885804637,0.4934873466028465
train32,174,289,0.4494649733157363,1.2798876131820753,0.3261138696427792
train32,175,157,2.4305151636893525,2.308356795095259,0.49331489425003866
train32,176,227,0.5402463491227376,0.9620504431560714,0.4246591553084561
train32,177,340,0.2917912838474288,0.6383764757749223,0.35754691140889444
train32,178,291,0.2534608115090255,0.5928225251273251,0.3640146771588199
train32,179,158,0.5010741400038234,0.9950478856300565,0.5230094399986774
train32,180,223,0.30456248958322785,1.5769663994872736,0.5715241678469606
train32,181,448,1.6744698876615405,1.7795694722866122,0.6568542900889446
train32,182,295,0.8140773129677092,1.0084344840869126,0.5287906918756826
train32,183,193,0.09925822060896278,0.6371705641207441,0.3290766263017738
train32,184,241,-0.024800535065163505,0.7546850232077401,0.3764593042909268
train32,185,213,1.5942907203961125,1.0723721077608603,0.5260907820205406
train32,186,232,1.2602775709416196,0.9162338673185563,0.37289515364182463
train32,187,461,0.07626041989279374,0.7124473218245059,0.3536027767136789
train32,188,190,0.3446346992990644,0.6247269976491303,0.34578695570307766
train32,189,286,0.6555295939119299,0.9243856287870319,0.34938236211547413
train32,190,185,0.47766258067896233,0.6861299534612703,0.39801853816969246
train32,191,268,0.8131316929254571,1.0821845280437123,0.6484823852284666
train32,192,481,0.5493631511831264,1.3336772716663232,0.4161020979909738
train32,193,226,-0.2852483146896147,0.765511461695685,0.5793220111040329
train32,194,286,0.4285879234340285,0.6680648816670748,0.40907099613574344
train32,195,235,1.4866952760731351,1.1306677305745716,0.5069112801474179
train32,196,339,-0.3787415696774584,0.9011698504264883,0.23653612468304783
train32,197,223,-0.08089306848716554,0.7609905302289837,0.23512342816545545
train32,198,172,-0.05823382605586263,0.7631118938632241,0.47388396071514877
train32,199,342,0.043682295944506344,0.6367584184955024,0.3176778116519724
validation32,0,184,2.8842054798560244,1.7867298738785182,1.0030936764963567
validation32,1,293,1.3801402216515004,1.2825905641824227,0.7546628839681532
validation32,2,192,2.560800979170589,2.1849129603591346,1.2361726382656952
validation32,3,204,2.5927919980182144,1.5180202811141839,0.7311987458605146
validation32,4,408,2.1234892139180648,1.3632164407263034,0.8020098444280835
validation32,5,318,1.7150794268380698,2.4683521417721863,1.0073455497301051
validation32,6,233,2.2639368452628448,1.9568552404050197,1.0036759843395486
validation32,7,336,0.3225432345763041,0.8425511251206034,0.4701208958075779
validation32,8,241,2.7910235216296044,1.8142292597204601,0.7856234591732906
validation32,9,85,0.52355086687098,0.5942262232554124,0.4266571108621353
validation32,10,381,1.5209972587941196,1.191050992989683,0.7167963628523145
validation32,11,326,2.1187425764162207,1.4503153360041974,0.7958897274545119
validation32,12,201,0.3528386878939291,0.8281093819489217,0.6048758663188664
validation32,13,218,1.9271328460089818,1.5307315625148878,0.8494068285443146
validation32,14,326,3.2286283113284426,2.8151197037012254,0.7995037429290646
validation32,15,148,1.5454584901425412,0.9950163381263644,0.7191950844772383
validation32,16,137,1.0213202141136626,1.1398269289011143,0.5940456591563559
validation32,17,162,0.922672641075594,1.498079375756889,0.5047798242031145
validation32,18,354,0.8992965621984546,1.053765878891487,0.5628034590294093
validation32,19,182,2.293498642301639,1.2137529773097364,0.5514262734163491
validation32,20,216,0.9266879902319332,1.5071451678611096,0.861021200659279
validation32,21,109,1.3825219460870457,0.9080252529441477,0.5883503526925716
validation32,22,222,1.0360502209212137,1.0939567699444397,0.5326455921890481
validation32,23,102,0.9437867980114593,0.9656659217929994,0.6419493239606346
validation32,24,370,1.9693418895951007,1.190024471353382,0.5030675260305209
validation32,25,80,0.9961391223212559,1.1399991196185655,0.6998790965989993
validation32,26,178,1.3986707901413569,1.177057884595018,0.46746098558406096
validation32,27,358,1.265371237185346,0.9367551021950639,0.3900394297264025
validation32,28,130,1.3793587974114836,0.9127669751285399,0.45465044638989294
validation32,29,146,1.5082183088194727,0.9705567205921642,0.5142872606629062
validation32,30,302,1.0779713074794088,1.5337889414796706,0.40250076169576027
validation32,31,326,1.4221285632324796,1.1673053130315891,0.4557323581878813
validation32,32,323,1.871110466295286,1.4340236159827744,0.5032835011377238
validation32,33,256,1.275901301765785,1.021287116278018,0.442682580111573
validation32,34,564,1.943983826081075,1.5552365281597529,0.4953396926094319
validation32,35,176,2.2611034802128245,1.2549574134682195,0.5993949686111028
validation32,36,250,1.241783671061128,1.145790478029996,0.5766234757814688
validation32,37,251,0.6429880119920224,0.9160515581939607,0.5184456413707257
validation32,38,410,1.382092267302824,1.219591889794652,0.5087040160186789
validation32,39,184,0.3194492133231649,0.7122598966601519,0.46885136997913945
validation32,40,128,1.4163267603180998,0.755925755701502,0.34752628141071235
validation32,41,193,0.23391829309629225,1.0310299221323085,0.33053297976412976
validation32,42,208,0.9366637151350568,0.8301795110560787,0.6040255161614674
validation32,43,401,1.7516060959854864,1.6091734077686055,0.41504774334984884
validation32,44,259,1.2610158451870983,1.4113660692014107,0.5893842601057447
validation32,45,208,0.700031739742119,0.9663281377749066,0.507301759194624
validation32,46,343,0.021430364008670797,0.7501920609660272,0.454042713216411
validation32,47,252,2.7362504579187874,2.070843657973351,0.6489222527187478
validation32,48,225,0.8973174994114722,0.8377566637241903,0.3926937978271506
validation32,49,365,0.11855333560808679,0.6485429450578856,0.29288842030856616
validation32,50,360,0.46157470098667847,0.9572113629279254,0.6183832481361737
validation32,51,221,1.7169274995180848,1.167872312827215,0.519252469706514
validation32,52,222,0.6485776051306751,1.6774142019081195,0.40546347777630815
validation32,53,305,1.6028626569579567,1.2732959392663232,0.5795380893190347
validation32,54,535,1.5533038468072444,2.957543069508801,0.6756702076212087
validation32,55,305,1.7743843939716841,1.0806595004126671,0.48626817597056315
validation32,56,215,0.3354076302218293,1.0031582552779268,0.3326283121038043
validation32,57,276,0.49241829634924644,0.691748687950936,0.2738224945376071
validation32,58,228,0.4501328884970249,0.93131145755153,0.5747459245559633
validation32,59,245,1.738163411220086,1.5620394427332205,0.47560251756539185
validation32,60,281,-0.07042448609114348,0.6838675614489061,0.3245604200565968
validation32,61,256,0.20772561384659882,1.2792448383191934,0.7360198842556589
validation32,62,244,1.2160762903153242,1.076417855070147,0.5251754098223592
validation32,63,158,0.07518221750262119,0.5507498934689964,0.33401933864563527
validation32,64,329,0.48308740667415995,0.7537167871232723,0.35359849187642434
validation32,65,252,-0.7187928191764863,1.5306731449405346,0.3959555840830299
validation32,66,272,-0.15316628502988627,0.8238992052283899,0.5527575695741204
validation32,67,255,0.1572040362801411,0.7358387807970153,0.48796029866397145
validation32,68,171,0.1605796968918275,0.9969981985120859,0.22007470404192866
validation32,69,227,0.9786283321461844,0.9678032402944243,0.41341976806598296
validation32,70,364,-0.19320527726246392,0.6962687467521244,0.4260007683024131
validation32,71,241,0.3346546909685003,0.7005349589465892,0.25967867234656733
validation32,72,167,1.3007275506135807,0.7935903392222078,0.5674098809871697
validation32,73,346,1.1198467112675423,1.0213426043966485,0.31627801409610984
validation32,74,318,0.5229350275239157,0.7705831931347963,0.5422670567211345
validation32,75,276,0.5081319975391161,0.6433180845660119,0.3155102193895847
validation32,76,238,-0.04367538862496978,0.7284668412678249,0.5145458520965216
validation32,77,267,0.907977568202972,1.362156050034437,0.7126594980211131
validation32,78,236,-0.1599434261373518,0.7677433235303888,0.4218672997679107
validation32,79,204,-0.03932579576261628,0.6558026082381447,0.39482959958910063
validation32,80,246,0.6512087893603098,0.7574817232886046,0.5900976624379085
validation32,81,175,1.83167902374947,1.407423154436895,0.7443886629119502
validation32,82,155,-0.236597855869704,0.6338036412593219,0.3597328443656943
validation32,83,176,1.0932003692364354,1.010004828447162,0.4802237962065597
validation32,84,277,0.6707075336762285,0.8623875669400934,0.39132842804917206
validation32,85,123,0.2709791173180592,1.0209427962632316,0.4067584192267021
validation32,86,214,1.2309008724937867,0.9749298264932768,0.3789863405460609
validation32,87,439,0.39967280854733245,0.8385997808484901,0.40520387736665303
validation32,88,319,-0.12886499270028048,0.5999681634570753,0.30464598498552986
validation32,89,189,0.37993572456929947,1.0242063105645896,0.5263758201510672
validation32,90,447,0.14554326589032668,0.8011554123542086,0.43925176310408187
validation32,91,327,0.8381310569610101,0.9507067715499763,0.3614525961064144
validation32,92,185,0.251008719617002,0.8468562526613761,0.7087060945773371
validation32,93,302,0.11767711607715506,0.4430806893502573,0.2854091442680739
validation32,94,214,0.29032590273767406,0.8841250439610847,0.3807528954375019
validation32,95,192,-0.20176559506349,0.8323832073532168,0.601509995761774
validation32,96,266,1.1114216825241998,1.2472399071012246,0.4458269516472491
validation32,97,143,0.2866743681519266,0.7434941109123491,0.6113234909463784
validation32,98,320,0.16215225856207666,0.6419065047823793,0.4282571398995443
validation32,99,292,0.19010878857455854,0.48544389197664517,0.3364833649817291
validation32,100,205,0.3145536631233335,1.1507659270441244,0.8118235786894066
validation32,101,440,3.062418635048446,2.392474351392483,1.150700478542078
validation32,102,280,1.5900624615805359,1.6881988491214865,0.8038707400983593
validation32,103,192,1.6728263028738297,1.44547848990126,0.8047955962498358
validation32,104,173,1.1243711292849856,1.2016917837022736,0.8028050202874595
validation32,105,156,2.1836341332788267,1.668911623264387,0.9425696595909855
validation32,106,294,0.5426916247624514,1.0259667141989233,0.727377345122918
validation32,107,306,2.596471957666912,2.121879059845464,0.9291087164574603
validation32,108,265,3.2639498824817634,2.2725677050992688,0.681703331693847
validation32,109,210,2.168991366672972,1.4884562635505891,0.6611769068541856
validation32,110,295,0.6857026808850759,1.6232863916382732,1.044051501132212
validation32,111,252,1.4910135147960772,1.2064280919939716,0.8243891660165251
validation32,112,254,2.729197460448506,1.812117691416547,0.8043074938194141
validation32,113,296,0.7690933413384816,1.1170710848751986,0.4930003847335014
validation32,114,184,0.453470674269224,2.3278548687492684,0.8107080666021299
validation32,115,285,1.5906001265428502,1.6886533033395053,1.0615081271818865
validation32,116,228,2.570058607548976,1.5211601113403401,0.6204247726720714
validation32,117,212,1.841603061338418,1.3607376753934057,0.7679926157608112
validation32,118,300,1.6590724828916292,1.3847159639609177,0.6750693790172717
validation32,119,244,0.6637963868124942,0.9527758508253444,0.61444092105977
validation32,120,411,0.5350378643942357,1.006351530579431,0.5549161586607353
validation32,121,284,0.30864786406351963,1.2461590513928056,0.7264053930195554
validation32,122,365,2.0391093224331187,1.163290089746683,0.36328816412649645
validation32,123,241,1.8040627529371327,1.862996306261792,0.45557079389835753
validation32,124,322,1.852013212844693,1.5005829069228696,0.6029987547242859
validation32,125,343,2.4217783341561376,1.4958195047330038,0.8031362678408034
validation32,126,253,2.162734982541249,1.3563057325363455,0.6431823770696452
validation32,127,379,2.7578339030781325,1.4585753544954325,0.5565639855220877
validation32,128,315,1.7476094884473632,1.1805331774882266,0.4624711866724926
validation32,129,300,0.34888655841716665,0.898947628807636,0.6022281635477978
validation32,130,165,0.9174777586742989,1.5161214590913608,0.8334512013324644
validation32,131,327,2.410481608128408,1.2690805191029364,0.5899038865224926
validation32,132,310,2.0186617712819555,1.5852264067310404,0.7500585050777776
validation32,133,197,0.9475172247790745,1.7654607004033986,0.5864142703565173
validation32,134,302,0.40222745455923287,1.38986508868182,0.35796840620054254
validation32,135,249,1.5813961338143558,1.2936209029407895,0.5894561001957109
validation32,136,221,0.6258668640138254,0.9116539209182882,0.7439524417566941
validation32,137,203,0.0012114387175882755,0.6279812249895301,0.35288824987080325
validation32,138,430,1.8090894794539825,1.7082338711911822,0.4475648054315858
validation32,139,161,2.0188230559507243,0.9088008840455378,0.4631433706312615
validation32,140,182,0.8704833397701445,0.7172063371268715,0.4349614506185685
validation32,141,434,1.0713777863604677,1.1408902599481316,0.6693646717912843
validation32,142,204,2.1474761804296505,2.013554026094471,0.5111923049067099
validation32,143,224,1.5690265309686668,1.6266326339913453,0.7635678341842463
validation32,144,195,0.8799811931687799,0.952708310947895,0.7015968923543684
validation32,145,216,0.7340233525183808,1.1450213463358598,0.3281259857395082
validation32,146,243,1.2442302595761936,1.385824302387132,1.1073044408292652
validation32,147,329,2.1612553490008692,1.7980192303030464,0.6775306414303028
validation32,148,301,1.1999956390524473,2.3019864937334,0.7044953822702985
validation32,149,262,2.235088363974419,2.204661209592021,0.7524532727109666
validation32,150,178,1.1187874235785855,1.7364393838401289,0.28543188735343267
validation32,151,249,0.9493548393492197,1.1755125247709481,0.44523134066032843
validation32,152,280,1.6362508161287168,1.6288903381595723,0.507402792342006
validation32,153,233,1.6852438476857403,1.2551382421993063,0.470272733836485
validation32,154,292,0.21364592901277119,0.8384449142134432,0.5020719424797387
validation32,155,379,1.6023950550497685,1.1083359377108866,0.5693378530002958
validation32,156,250,2.6565278146657327,1.2167376939883154,0.6190856090418244
validation32,157,297,1.626786125981501,2.1632694638577594,0.7643925110629808
validation32,158,314,1.4473123697530499,1.8862810651897022,0.607449887489957
validation32,159,478,0.8944343222509787,1.2150765553783955,0.6127218954261945
validation32,160,329,1.7357177030532407,1.3840359664520805,0.457918823203254
validation32,161,124,-0.1834131867737978,0.7772739114804383,0.5076259979226662
validation32,162,192,0.922161809349177,0.9816735393343724,0.48431499948316914
validation32,163,192,2.5022251500377024,1.6174259551178458,0.6264335436402103
validation32,164,325,4.199060635044992,2.6322047024468067,0.8760567024869103
validation32,165,197,1.5189862799458018,1.318517088387615,0.5562295298021712
validation32,166,190,1.979788636231713,1.5743634961116635,0.6586928134250064
validation32,167,434,0.26091953366384124,0.7350494196461484,0.3835444163939467
validation32,168,257,1.6999451570608177,1.373287149895992,0.40427670168890273
validation32,169,172,2.159744297561278,1.5216677594600114,0.4568821796759998
validation32,170,274,-0.11092808989262738,0.7385561773189151,0.43403399632051903
validation32,171,626,1.1254879285154002,1.024118880702947,0.4866085978150234
validation32,172,404,0.335756610175851,0.8467959261646396,0.3834340740615437
validation32,173,222,1.1669676247995684,0.9728307233406809,0.4613559117850827
validation32,174,289,0.5562168816260656,1.387289662140851,0.5325800778163639
validation32,175,157,2.3256817160198557,2.233692522903877,0.5091056710124001
validation32,176,227,0.4911399812570864,0.9323459665400442,0.4203741090858095
validation32,177,340,0.3884389136412825,0.8173742706498206,0.5843303898964873
validation32,178,291,0.2986873049919684,0.5500132212856758,0.2782607358043929
validation32,179,158,0.5060170309444528,1.011316855530054,0.4960982190965307
validation32,180,223,0.260420981398315,1.6025435673954085,0.5778550608537688
validation32,181,448,1.8392681173032324,1.8441013422035981,0.7365049079298108
validation32,182,295,0.7918397834240041,0.9810839726745881,0.4252854529461892
validation32,183,193,-0.08182253480027409,0.5623093021575029,0.27883953664232647
validation32,184,241,-0.19628537366151327,0.7098155752319105,0.3270783456528121
validation32,185,213,1.614374992799802,1.066343716565345,0.5125998747606615
validation32,186,232,1.2818190205211624,0.9752154710968172,0.4023087165653943
validation32,187,461,-0.018202097358481797,0.7520334718125465,0.41636680461025155
validation32,188,190,0.45968622952469906,0.7890370203825703,0.5205489985062187
validation32,189,286,0.7109415974144188,0.8892162090676363,0.3760031400373682
validation32,190,185,0.3669994247354692,0.6614062672264733,0.40294490804163835
validation32,191,268,0.7231230433326269,0.9962671921688745,0.6125402507310019
validation32,192,481,0.4939121251093765,1.2616071363226613,0.44416829768990973
validation32,193,226,-0.3271882952782982,0.8629170480598564,0.6577577324750727
validation32,194,286,0.5018067693560427,0.6880831444659639,0.3760828222183617
validation32,195,235,1.5186451114267565,1.133105439678551,0.5485027062445902
validation32,196,339,-0.35745620982304155,0.9173146271758588,0.26447670114539124
validation32,197,223,-0.06979574335994303,0.7990893851034412,0.265704494733427
validation32,198,172,0.14236040249946907,0.9742263749469303,0.6730843016749379
validation32,199,342,0.11647547305015209,0.7158929404561182,0.42895059685010173
