split,sampled32,token,raw_repeat_corr,centered_repeat_corr,raw_different_corr,centered_specificity
train,False,0,0.5572807341123175,0.290249972145911,0.38094463991050076,0.27881077360655654
train,False,1,0.5103935557716676,0.22066150660504197,0.4029008724693374,0.20475378476594946
train,False,2,0.7137434379217354,0.27998364143986343,0.6079295549550507,0.261300649592375
train,False,3,0.64699146860276,0.2536987215918192,0.533766786996097,0.2334850089737568
train,False,4,0.48670394312873505,0.26522026270649174,0.2937856718799124,0.2511050882612118
train,False,5,0.6662129922657025,0.3307728531751862,0.49990116373690324,0.3189648340384736
train,False,6,0.5657916201889416,0.246233027155942,0.42405204111444356,0.22334546428984345
train,False,7,0.3488850665149063,0.2922368602047269,0.15574625889487145,0.2832750016724872
train,False,8,0.6159455877146719,0.2829019427294684,0.45691049592979566,0.2639584408863521
train,False,9,0.21963922595677726,0.13408997109978807,0.11290114141608182,0.12229295623908716
train,False,10,0.33072935612208604,0.13303075744295847,0.2498150668789002,0.12230423824896983
train,False,11,0.5267915767972128,0.23033762381096837,0.3865188813136003,0.21272182853610516
train,False,12,0.199418984897413,0.13280415333202295,0.09278976725184798,0.12511652868663642
train,False,13,0.5708670096604451,0.22958479786125893,0.4371033536707149,0.21644355010108388
train,False,14,0.760942566338168,0.23366767034634306,0.7010465012688887,0.20439573505421446
train,False,15,0.38597748982251506,0.13056259673806175,0.3091730305653532,0.11782065401352443
train,False,16,0.33144964487799045,0.14058810545171418,0.23390592067517837,0.12655681661497506
train,False,17,0.7199000115111983,0.2733653221400766,0.6131571626347877,0.26050095975594695
train,False,18,0.41667623156152667,0.1857649639208143,0.30471051161295426,0.17765597454494128
train,False,19,0.537793551531632,0.18144343888373687,0.445006834610489,0.1591971915310058
train,False,20,0.4969435592665046,0.20604137248023918,0.36822481602323315,0.1952696872600689
train,False,21,0.3360280066681801,0.11625020831269073,0.2732423693330694,0.0946752156189318
train,False,22,0.5129191297704877,0.1762556412300303,0.4192397112662611,0.15718400271771776
train,False,23,0.2384606155941974,0.10187887893048515,0.17736323453590094,0.08434985674754235
train,False,24,0.4868566441504934,0.17931963746419088,0.38788839879394166,0.16280934095343974
train,False,25,0.29274869978490903,0.12791873259216213,0.2149116807032858,0.11934354692982281
train,False,26,0.507286609205737,0.1864107563291139,0.40295228351159934,0.16843691842637645
train,False,27,0.49591928831129867,0.22006872264603058,0.36203759996654394,0.20667990316683993
train,False,28,0.4128986460745211,0.13908843652521832,0.33748858312363467,0.12665305229417
train,False,29,0.3915654349180088,0.13983611504718585,0.31099483308795783,0.12492921748908291
train,False,30,0.7412063144146664,0.2331575117709206,0.670666056460572,0.20773230716840022
train,False,31,0.5104933462292534,0.17703355230847942,0.42268114979096677,0.156662703376906
train,False,32,0.6403706903887849,0.19598302651963667,0.5625663968767748,0.17503893758529823
train,False,33,0.49775152833528624,0.14431890538572845,0.4304741846845869,0.13092951358781782
train,False,34,0.5668619946531253,0.16957415933282233,0.507071581680506,0.1453996958061081
train,False,35,0.574540780748611,0.17002009898403306,0.5091899873442836,0.15733500144599907
train,False,36,0.5577575824666982,0.15854431543729366,0.48398560286556086,0.1399225929752738
train,False,37,0.276097955474423,0.13822785594461517,0.18964770781705603,0.11883868416770756
train,False,38,0.45336487605705644,0.18186017583055625,0.3452189438227136,0.171371782991106
train,False,39,0.17102136429071912,0.12551608587911597,0.061080314445668776,0.115625832406771
train,False,40,0.40329877651930995,0.15645705877818578,0.30551343759689953,0.14083870984867033
train,False,41,0.40897015037918133,0.1934523775173252,0.289413245328883,0.17446722483770483
train,False,42,0.1690683814680373,0.11130523429173228,0.07897315017652189,0.10069723542739477
train,False,43,0.5368779088543187,0.1495830085182753,0.47749108059913303,0.11911817556070745
train,False,44,0.5108512228220156,0.14802066726104754,0.4497163816320947,0.12579803194058975
train,False,45,0.3569052776826442,0.12322467125373185,0.2927546273791588,0.10795896574399469
train,False,46,0.15550676615985332,0.11134286001311737,0.06283501591524311,0.10463884755015769
train,False,47,0.6558095221039724,0.14254806999414119,0.6261867259331639,0.11136736042450865
train,False,48,0.2921756078705578,0.12232699782891682,0.20860967149864837,0.108055899654889
train,False,49,0.12987044041383378,0.09186501326540943,0.05403803523511054,0.08676023962655356
train,False,50,0.2500059957831469,0.09726855516708456,0.194496881649525,0.08215221309606376
train,False,51,0.46881852593476137,0.1440236055871479,0.3969974803363718,0.12877026791461524
train,False,52,0.5274697693412835,0.14356449941749888,0.46988817180392567,0.11744872207952853
train,False,53,0.44924258315993104,0.11094219702597297,0.41532243367615684,0.08832367229328632
train,False,54,0.6247885561964182,0.150389062883273,0.5927088699922863,0.10111298847522655
train,False,55,0.46449748763147675,0.12641031643573186,0.40640860384433664,0.11124129931370201
train,False,56,0.6175205700310586,0.1665739852633893,0.5635835690568552,0.13420941902564923
train,False,57,0.3310337849203153,0.14681403967310375,0.23448806986889623,0.13170487891851865
train,False,58,0.26449982068435957,0.11784715448727877,0.1959817642542352,0.10399737037508411
train,False,59,0.5899603757089295,0.13623218471397616,0.5441801830917817,0.10696057103057569
train,False,60,0.17222923340477128,0.11175033127030774,0.07719176432797901,0.10588258623990783
train,False,61,0.09979174478443383,0.0463030639731162,0.0696338369230652,0.03311106709461852
train,False,62,0.350194863626649,0.11735021952904957,0.28944656151743486,0.1041790900293183
train,False,63,0.1402034491448356,0.07689693692051404,0.08456839617939557,0.06453806804049496
train,False,64,0.1715118578103138,0.09977640047941937,0.08935983665575596,0.08921891636979577
train,False,65,0.7787816945994092,0.14674532769348209,0.7494303257111978,0.13165781033801688
train,False,66,0.2039550279140026,0.09851301448934896,0.13211935486164553,0.08611644211021725
train,False,67,0.167285580780876,0.0928870089975134,0.09577228721363361,0.08769054578393182
train,False,68,0.49354678665489216,0.15369253058426655,0.4177441693960104,0.13383137271012657
train,False,69,0.4733201066514871,0.11855674178077683,0.42986543361941515,0.10399808419097874
train,False,70,0.14331351454375466,0.09683405746798252,0.0615123863059457,0.09376191096426628
train,False,71,0.2841893730484745,0.11853394259879878,0.208762210967452,0.10263287727165715
train,False,72,0.20254206906470765,0.09298255414756913,0.1390105537263751,0.07445734058237041
train,False,73,0.39080847557556947,0.11081627873787489,0.3376873157963312,0.08957427273584916
train,False,74,0.16354146601873584,0.07989935248047798,0.1043749246071607,0.07094823224551267
train,False,75,0.13245789370674915,0.05230867571906268,0.09391549154359807,0.04329711215592897
train,False,76,0.09928417085191006,0.07496211385351388,0.032631508097631504,0.06926551633108868
train,False,77,0.3175402785510168,0.09412991772904247,0.27144916711884165,0.07926587026267816
train,False,78,0.20380384652091568,0.07807211035073024,0.1497544614414295,0.07157779829326008
train,False,79,0.16281711122384787,0.08854855149492591,0.0939826317906152,0.07853964325915708
train,False,80,0.20714250840663917,0.0793765612008673,0.16117548244592086,0.0686086596406365
train,False,81,0.4658194905666892,0.07497327437608328,0.4441727043879244,0.060442508018608294
train,False,82,0.08800480647428677,0.06275731150023758,0.030650624449391973,0.0587094313665031
train,False,83,0.3965302441691833,0.10904099235655812,0.34948569994729434,0.0893646397375481
train,False,84,0.2964556065562437,0.08911176586666292,0.25271190400666377,0.07324048294679102
train,False,85,0.40787776455224506,0.09816042746599889,0.3657535217522236,0.08949038699250242
train,False,86,0.3028173334253782,0.086637283198705,0.25390595133451926,0.07095012368320479
train,False,87,0.17015176667171056,0.06521321719206125,0.12517911174185223,0.053056689317710945
train,False,88,0.0979778294956619,0.0785174641588116,0.03467077497690292,0.07034478432347342
train,False,89,0.05542646352651513,0.027794773735485966,0.039415516295539084,0.016953634655339236
train,False,90,0.10831546662468684,0.05058880494944959,0.075567993584991,0.03870186231733178
train,False,91,0.2112672262143379,0.05781670825129552,0.1833759339343894,0.040190989490797316
train,False,92,0.10715480383691688,0.04049311111106805,0.07909761194833323,0.03257943166031533
train,False,93,0.10506527606841667,0.06365222668282973,0.05684202423035974,0.05380873423957732
train,False,94,0.08478846520657944,0.03490743518143132,0.0630248968278624,0.023190803918406833
train,False,95,0.11613768865314594,0.06279799045675909,0.06805566852201833,0.05468491896748708
train,False,96,0.45489975191310256,0.07603425065979023,0.4288985233137087,0.06149922014304063
train,False,97,0.08782896374851853,0.035311553062312456,0.0660525368006349,0.02408266437467079
train,False,98,0.13661845037522538,0.0558378672797469,0.09740512609141475,0.04824697691025807
train,False,99,0.1130651692492024,0.05801217947971091,0.07067352153092603,0.04828606613429629
train,False,100,0.35514310717050246,0.2886861305934275,0.14267433395839682,0.2792820487955644
train,False,101,0.7449335641220863,0.30012655978059066,0.6381514270856,0.2816165588480267
train,False,102,0.628267188780772,0.2324015447328381,0.5198863212905745,0.22521410841786516
train,False,103,0.5606660992880597,0.28688849500072516,0.3760091480336866,0.27423343064722006
train,False,104,0.3584528366640619,0.23426667855389843,0.14852534034742496,0.2293551717559251
train,False,105,0.6779707865095492,0.28118183376876194,0.5512588458112443,0.2635558590235505
train,False,106,0.2815363849299177,0.1702410372548606,0.15488466229738077,0.16026734783645039
train,False,107,0.6297086663431317,0.2984254639838685,0.46818026177670397,0.28394536511617274
train,False,108,0.7133260288933817,0.31054847442035344,0.5876802643891896,0.2949263691132538
train,False,109,0.5576836728062378,0.301097441683799,0.36386825058370476,0.286202743001825
train,False,110,0.34943622075602604,0.2312149477003069,0.2030871225224391,0.2224072697708534
train,False,111,0.40393189214788666,0.2096824378264643,0.2807473431020486,0.2027148140814121
train,False,112,0.659562736417778,0.21458856718113672,0.5717176923916598,0.1933356652890455
train,False,113,0.5327707869162877,0.24893031909774307,0.3915029435851124,0.2426432212395953
train,False,114,0.8438730673741526,0.25824131115935667,0.8165111756051994,0.2377407374776911
train,False,115,0.47092785927712427,0.17045553532144472,0.37233544217238873,0.1559485752558283
train,False,116,0.5943185216979704,0.228561701402327,0.47590402676851534,0.20673312153866508
train,False,117,0.4794622534261991,0.24676992929939362,0.30305675021906947,0.23497832720940265
train,False,118,0.4396099425243296,0.21227211392659215,0.29992345074944793,0.1961167354619101
train,False,119,0.3452066405731588,0.18031710504065843,0.2522760136686865,0.1710368888156461
train,False,120,0.3281002657507676,0.192969517130345,0.18917600006342775,0.18147680575951225
train,False,121,0.3181551090575191,0.22937740883827404,0.1604408265587761,0.22297818866727132
train,False,122,0.5206517918456038,0.22795236248695203,0.3880690690835091,0.21492738559241878
train,False,123,0.6859459749943,0.1839043816645661,0.628874634380369,0.15906998791279747
train,False,124,0.6291673108012403,0.250655809686582,0.4946294249802654,0.2381137651304411
train,False,125,0.5862472441232346,0.15612933547098332,0.5171570856188465,0.14775852848098175
train,False,126,0.5706068565930021,0.15445859852599217,0.5077583751092236,0.140373509960704
train,False,127,0.6391494840007607,0.2002801652918299,0.5516443070968142,0.18173769871817677
train,False,128,0.5374574074455934,0.1906752265793622,0.43699241153056095,0.176509442849922
train,False,129,0.2720496384573485,0.1921145459593562,0.13627542837886214,0.18131630438129293
train,False,130,0.5216356367206392,0.21042633282924306,0.4022098444746625,0.18873899284054238
train,False,131,0.46447529817498934,0.1505128069499981,0.38206136875406244,0.13756023943493295
train,False,132,0.5234450148597197,0.16013202975671426,0.46418639739255907,0.14485487841507208
train,False,133,0.608975505570264,0.18130020188010895,0.5423323309043413,0.16744122237519982
train,False,134,0.7589570819186071,0.20823608702676244,0.7042508483472423,0.18894625272740775
train,False,135,0.33871654121675615,0.10558803958690577,0.2822781876099572,0.08987114858296753
train,False,136,0.19427898945858707,0.13325508928523774,0.08859087028174098,0.12409597521886635
train,False,137,0.2688142423641594,0.11465703507725722,0.19421516207346873,0.10378740665345373
train,False,138,0.6211692402050012,0.21215748101915546,0.5281558257365689,0.1830905534142875
train,False,139,0.4193579275990342,0.16230004535390077,0.3166832620311963,0.1447533465813008
train,False,140,0.32156409759573923,0.15867398264794577,0.20860153925098152,0.15103068157518176
train,False,141,0.31888173721706925,0.1306884504265271,0.2454997421830344,0.11686099060071535
train,False,142,0.7308439501952034,0.20541667492414278,0.6699966970053376,0.18068220430714874
train,False,143,0.46404188489189396,0.14288233863900623,0.39482324289467713,0.12131737085947643
train,False,144,0.2773585528903389,0.12244362654505703,0.18960543165153296,0.11266969156075866
train,False,145,0.4855441317351553,0.17094842902054683,0.3941710600195627,0.1592966179544372
train,False,146,0.2685865747447385,0.10215425741425775,0.20197039439715708,0.09442189979077313
train,False,147,0.5706212345027019,0.18009424582485387,0.4768036712881907,0.16569888577230582
train,False,148,0.16469752719388428,0.06674331996449866,0.12113541831856825,0.0568043741432869
train,False,149,0.6832978497195553,0.10633461142988315,0.6595879687843912,0.09710307233520483
train,False,150,0.6663184549453857,0.16198116957131353,0.6140324178546469,0.13910795080668698
train,False,151,0.5150544649861585,0.16830596840714665,0.43837000745507154,0.15428515837593232
train,False,152,0.5360415633043908,0.13875652888416032,0.47147745953566006,0.12444149781270478
train,False,153,0.5219694325489261,0.16322674620122454,0.4355331000767287,0.14483293371043338
train,False,154,0.22888898512480213,0.15533347142423165,0.12107475160049791,0.1514035713385434
train,False,155,0.4901988542886993,0.1451343960701713,0.41581248549173744,0.13424098097982248
train,False,156,0.565814547185033,0.1211038203357793,0.5187942534523319,0.10387115455838297
train,False,157,0.47962476225473105,0.12691358876012965,0.4324160787907842,0.09592912124564221
train,False,158,0.5147611021080367,0.1243953277234051,0.46479017894518476,0.09484791663940795
train,False,159,0.3289116938096618,0.11674618421271203,0.27343258222163097,0.09960096470359929
train,False,160,0.46565636438786245,0.12998330804727107,0.4052117205071658,0.10330395128701308
train,False,161,0.1602765747997704,0.07699205680801781,0.09899243861115266,0.06845917906139681
train,False,162,0.33830637851876433,0.14716714054774876,0.2575999595540777,0.12506526200112442
train,False,163,0.5945332458458674,0.0987254453164193,0.5651590807017303,0.07664080783978779
train,False,164,0.7669380592705437,0.1124155801937213,0.7530050189923879,0.08640946849969529
train,False,165,0.5999543476888549,0.1080895250682374,0.5708251893901176,0.09233697528479892
train,False,166,0.3903799760440073,0.13754822996980995,0.30324872370168643,0.12203524318577927
train,False,167,0.28926237012720235,0.09840806028175762,0.22824574725942484,0.08932163172400778
train,False,168,0.43191294686423565,0.12193474460838684,0.3741352931694985,0.09133577757927676
train,False,169,0.68668039144688,0.12873587550065693,0.654809095100586,0.11275224194907903
train,False,170,0.2732458937387983,0.11174969298919199,0.20560624662523472,0.10004952638418237
train,False,171,0.2765651430762049,0.09976148062330602,0.2139504756657162,0.08438280732948883
train,False,172,0.3800259028842711,0.0986040637204242,0.3320294796148758,0.08918884828618466
train,False,173,0.4986334179707253,0.12192265267718727,0.4427624274840463,0.10511757649567158
train,False,174,0.286608380297125,0.07392367999272241,0.24462621361725936,0.06107087462390243
train,False,175,0.7055310369594258,0.11083116715517785,0.6895613234968682,0.08988657513447179
train,False,176,0.31726425305997574,0.10066629480131661,0.26612701231171093,0.08865600922391813
train,False,177,0.20750785623182047,0.06283895953546632,0.16825103465573688,0.05253264632883769
train,False,178,0.24147966712636232,0.1174246037373452,0.16308803981358086,0.10368383609332683
train,False,179,0.3112698607105359,0.09873878613276876,0.26012113333624,0.08418586153955593
train,False,180,0.5515778796424834,0.14226606580916012,0.5227781432630596,0.13552706095611258
train,False,181,0.2672952887817819,0.06662704583579605,0.24170066782115696,0.036033917326056715
train,False,182,0.4202182392904899,0.0882905344786291,0.3862484297689965,0.0744339778750264
train,False,183,0.2332759371956236,0.08855819174683008,0.17530666753106416,0.08065543477128605
train,False,184,0.17236935866420536,0.09116786125836254,0.1005768904231447,0.08622980321688868
train,False,185,0.3784696801991315,0.1057794161169962,0.32023349815755325,0.09092182809798935
train,False,186,0.49259849405464884,0.11924837939899864,0.4351491876254662,0.10624475943437324
train,False,187,0.15704378351462164,0.08178624471744661,0.09279399149664283,0.07653284366176129
train,False,188,0.2414016658498452,0.07408674593721626,0.1963291872532465,0.06572249093107428
train,False,189,0.4442240451347866,0.08068494551202839,0.4091554113138708,0.06802106705269735
train,False,190,0.23430925527412708,0.06934334463692957,0.19503810090480475,0.057150206656757276
train,False,191,0.1462336426388716,0.07273537788303261,0.09811391685943352,0.05815329596175715
train,False,192,0.4687785707985838,0.12433412284739485,0.42477515576555985,0.1114911547193132
train,False,193,0.16387974930285468,0.05712715574131079,0.12081345564673963,0.04927720655730046
train,False,194,0.2517096482956511,0.09468171123884853,0.19226306598947385,0.0818583134272692
train,False,195,0.458128760855627,0.0940465943031005,0.41544713014191714,0.0790471921660626
train,False,196,0.5644412474130759,0.12485411832024,0.5200093214605308,0.10035025227725908
train,False,197,0.37144302425559306,0.1176129704672411,0.3115948148804543,0.0932673699841187
train,False,198,0.1613927809763769,0.06130486721386842,0.1204032471430987,0.058625833067217054
train,False,199,0.20389744047198136,0.07071462230782007,0.15837044697852906,0.0652664528660686
train,False,200,0.6052017146563526,0.224693885116059,0.5001152504426688,0.20874576840349157
train,False,201,0.6163209827712184,0.23030842425481488,0.5078143305220175,0.2164436824748771
train,False,202,0.6139553664357701,0.22933640749990428,0.5060507254100425,0.21462826977551883
train,True,0,0.5470196152586836,0.2906334551718649,0.36013160040078257,0.2791043842031313
train,True,1,0.5021965632112452,0.20600259786873912,0.38482493537708745,0.21811232956612459
train,True,2,0.72990929035659,0.20304368783449123,0.6333710645821728,0.17480423441181273
train,True,3,0.6235595637077855,0.2733317325503563,0.5072430317524982,0.2509634037701551
train,True,4,0.4790342620726729,0.2522633926197229,0.3095425532307508,0.22047480064194522
train,True,5,0.678474544575093,0.3526846529242978,0.47494945138476447,0.3420651042437575
train,True,6,0.5666533556417961,0.23933726640469058,0.4108474418693446,0.2235796567943974
train,True,7,0.39357454176092194,0.27822031383439755,0.11625638834094743,0.3211227285242537
train,True,8,0.6049040937474267,0.2677576168546741,0.4552380213008996,0.2318519044336089
train,True,9,0.22874942515928506,0.1311506974547918,0.1252589299293435,0.12631830223968774
train,True,10,0.3614744253399888,0.10373047302395323,0.2772927669698981,0.08710294989989792
train,True,11,0.5213422365350525,0.20299955972990358,0.36759959437642187,0.18448175060354632
train,True,12,0.21716284756825333,0.13237116531554746,0.10691301535461413,0.105246535499856
train,True,13,0.5592643532953858,0.20617836580952945,0.42017778628070696,0.21601082726751353
train,True,14,0.7884647586573962,0.19873614893481176,0.7308691747155289,0.19147604616940547
train,True,15,0.4105233081216164,0.1411111945065763,0.35724624861822374,0.05489668250341643
train,True,16,0.33371989969115984,0.13658137782782795,0.22373176979260342,0.13795943590069212
train,True,17,0.7322705941361775,0.3052194623911005,0.6325336741089639,0.22839519892422291
train,True,18,0.434392153586093,0.16597782031069563,0.24947745342584468,0.22481870664242423
train,True,19,0.5208407667597814,0.12587725191682533,0.45391354325131444,0.12439923868903718
train,True,20,0.477585795625169,0.17745087396734738,0.3759062921601522,0.15653509338686983
train,True,21,0.38253237567250986,0.12835696222716278,0.3058984849176433,0.11320331652640338
train,True,22,0.4983963285013302,0.15199965088653042,0.4123344898774916,0.11485504701844441
train,True,23,0.24943808099181072,0.05980621229474253,0.2195229952202732,0.045761184707760826
train,True,24,0.4789779548798218,0.14395455717678976,0.37584942946133526,0.16552890939477924
train,True,25,0.2874598040787627,0.11752834190822391,0.22119885542713494,0.09886379756062584
train,True,26,0.4952262461215428,0.17644353648451172,0.3685298342675827,0.18847616034114048
train,True,27,0.47067002742250613,0.18351541829297272,0.35218579499878033,0.1820679344615179
train,True,28,0.40876295298604776,0.1259889476263091,0.34494193689777997,0.10658381199660817
train,True,29,0.43472306484096873,0.12994108614806277,0.3288068991392495,0.1414496817905567
train,True,30,0.7437037534713019,0.22981050469716993,0.6763584355481762,0.17233530023010982
train,True,31,0.5143838679435867,0.15257578315386391,0.43426732147475294,0.11127520562545556
train,True,32,0.6410043606049639,0.13817762138321704,0.5541318627109558,0.15656648288372213
train,True,33,0.5431852486839158,0.12555461844324534,0.4646897183876213,0.13777853784903252
train,True,34,0.5806632598865836,0.12388783706393684,0.5292886984953691,0.08511190486283111
train,True,35,0.6114547083207803,0.15960870906950733,0.5171002150082614,0.2024910597522045
train,True,36,0.5480958192781353,0.10450776591247539,0.4700832992312349,0.0870760351133189
train,True,37,0.30882496830361655,0.16451599483417118,0.1867415232172633,0.16473804394862646
train,True,38,0.41547095946758206,0.14110365756393353,0.34097466557297795,0.14264502541116444
train,True,39,0.12159475647855207,0.08170067223585367,0.0291911311548759,0.10311264877376514
train,True,40,0.3739741924714335,0.1007512392082236,0.3002115244197014,0.11140550836140906
train,True,41,0.41858056187489784,0.20789877508119559,0.2952664389222806,0.19277190120203927
train,True,42,0.12010024944552039,0.07545027371155323,0.057602253731877384,0.06730025720916251
train,True,43,0.5484850978473886,0.07474460918660585,0.4865741322598059,0.061237469704597425
train,True,44,0.5401389652333786,0.0865857983931796,0.48856249370855515,0.0609677902427772
train,True,45,0.3497610008895741,0.11408638251402631,0.29893981856264273,0.11562884197552403
train,True,46,0.12053673659789882,0.06275702504881528,0.04859893177887644,0.0697959469253256
train,True,47,0.6762292379538075,0.10046449731072732,0.6336388480254361,0.09047349375567025
train,True,48,0.2542951015055823,0.10440361921194709,0.20019297454995566,0.07334145655250345
train,True,49,0.1562875493675289,0.11939554045316936,0.05843337699452672,0.11896836764532633
train,True,50,0.26144817956929556,0.12260759218787026,0.19534000801642284,0.10359213696909582
train,True,51,0.5271351036456785,0.1395102689033653,0.44547342820857,0.10453586274925582
train,True,52,0.5020098970007753,0.13997241392048973,0.4515743651143682,0.11773438006056632
train,True,53,0.5206470667612005,0.12364714465236681,0.4390202669166872,0.134175137052859
train,True,54,0.5862749108740035,0.12236054999422545,0.5720016867865464,0.09121748822770948
train,True,55,0.5119788933465037,0.1259694700166258,0.4395734830403531,0.12725738083739885
train,True,56,0.6094369990989489,0.15801816506575528,0.5775602668195677,0.06247559850738984
train,True,57,0.3217240883627444,0.14116203475867214,0.2194453811211167,0.14637719600482937
train,True,58,0.2495833048659997,0.09573972094668308,0.19297785777598042,0.07291165961118072
train,True,59,0.5638118591659326,0.09489138906648709,0.5279832594073516,0.07630384688147558
train,True,60,0.17068276940329144,0.10208137353165357,0.07049495651886363,0.09660134042382364
train,True,61,0.09138975818906088,0.047829946792939476,0.07642842634247,0.014670428183988357
train,True,62,0.4107756264618047,0.1471662815491843,0.33648657026431256,0.14263401413892718
train,True,63,0.15917180363731484,0.0962501448106578,0.06030098580862442,0.09647406086749195
train,True,64,0.18341120769784755,0.11853141334467183,0.06502988237071987,0.12771649834732654
train,True,65,0.791932331980449,0.14809578385139774,0.7543618427037188,0.13206631139444205
train,True,66,0.2385627819354124,0.1474988468839379,0.11633445978717516,0.12297304325782554
train,True,67,0.17777172567508315,0.07609093790731115,0.0618332827925982,0.10887330988463663
train,True,68,0.48682363951059276,0.13361093195026152,0.4159298001838734,0.11894481961882035
train,True,69,0.5238977856859025,0.10955267569313998,0.3909117532868794,0.171719911428279
train,True,70,0.08889282573239236,0.025749808058259886,0.06303480687333259,0.015285058462713039
train,True,71,0.24319376678914492,0.04763525137444158,0.19604163627956492,0.044854434086240395
train,True,72,0.2191399980651019,0.10000154559368342,0.12642334757891835,0.11139856805452346
train,True,73,0.44339400688028147,0.12497654696070966,0.36468407800549696,0.12083643162581371
train,True,74,0.12436471877537224,0.0358345620153703,0.13963735575288422,-0.011560432678812836
train,True,75,0.07040220361443024,-0.008944259121794416,0.09583778805157724,-0.006344274641885434
train,True,76,0.06018269785839548,0.031643985748606475,0.01931116197350837,0.03400315808127841
train,True,77,0.2665316773177711,0.02130939462958822,0.26678461254581676,0.028843588897238634
train,True,78,0.17608213065056946,0.042289190275671164,0.1261490419883417,0.06984493350782003
train,True,79,0.1475470218663372,0.07456076995501912,0.07184807530442558,0.08427343071873784
train,True,80,0.14011060897395528,0.02510966116801143,0.08306360499746714,0.050107440366591184
train,True,81,0.45860554596664277,0.06517545934938786,0.49190322669507625,0.04432107732385459
train,True,82,0.12810620950363058,0.09359530968293721,0.026913228791692795,0.10074894198026026
train,True,83,0.4133021879093286,0.08710316371119746,0.37110559222293177,0.09849970250550612
train,True,84,0.3259032870087593,0.07097997138422406,0.266364952188542,0.08107380456286128
train,True,85,0.45242913992023753,0.04506207004927115,0.3237231342230842,0.1424040002271153
train,True,86,0.32655546755534154,0.06651044588955224,0.2629900297472418,0.08017964626489031
train,True,87,0.1668600896043975,0.04914279135800528,0.12449716205542553,0.05172204264931147
train,True,88,0.03824267139043147,0.015672519662338832,0.058393709868945966,-0.010355885227843203
train,True,89,0.060737253656000724,0.041927888236863754,-0.03750398995378154,0.09638651646311626
train,True,90,0.0927769918657992,0.016928901881160544,0.010513954006236732,0.0667497550542737
train,True,91,0.23508339283302823,0.08075366015539769,0.19133091072660113,0.07899236389938435
train,True,92,0.07829365458431693,0.013921416996707384,0.029955343612320776,0.0792443896801855
train,True,93,0.05129223251925347,0.016547880044149223,0.05165686452549789,0.005036434591446961
train,True,94,0.08000501044427508,0.044995075100976674,0.04348455240876914,0.0415028908383607
train,True,95,0.18978428382256127,0.12255372607874487,0.08008486318285317,0.10397793077370539
train,True,96,0.432105156757502,0.07197848662539603,0.427331121603135,0.05584106354722918
train,True,97,0.10061987736877677,0.05604630837460601,0.06847778148435253,0.04219316936998422
train,True,98,0.07471475072457931,-0.007370026079337462,0.04785999280407247,0.03798168089249774
train,True,99,0.11306013648517176,0.05158674680366174,0.0729691544859164,0.02876172825553994
train,True,100,0.3747003581514155,0.28800477334965807,0.1224117388098015,0.32017012289653174
train,True,101,0.772492940091844,0.2605192555049474,0.660324391484424,0.24258322580168593
train,True,102,0.6228680814742921,0.21681654688658691,0.5066143142206723,0.26979631005270577
train,True,103,0.5907421265007448,0.3366903952499736,0.33946854954377675,0.3445383849172858
train,True,104,0.34242535168141974,0.22445008933866947,0.10289568441162016,0.26538693172817107
train,True,105,0.6662830105593487,0.23846829475291886,0.5731840514270502,0.14509342022335586
train,True,106,0.2720430874744515,0.14395947034636056,0.1139216757817962,0.19291006686796597
train,True,107,0.6714294604480036,0.28065212031498615,0.4417859290601082,0.2774312126969082
train,True,108,0.7492806231004198,0.3355087119723908,0.5738558409719576,0.32591044698000554
train,True,109,0.5980208859198278,0.2698577328764245,0.4008514740890515,0.22094997343400644
train,True,110,0.39245129160036146,0.25071646484215704,0.22458776823079138,0.23755401517541494
train,True,111,0.39467178265545244,0.22237830554071958,0.25238918616421013,0.26010222825207224
train,True,112,0.652919476673801,0.1759967218476749,0.5943833587377992,0.1584710053935108
train,True,113,0.5177742499484506,0.2626303694130859,0.35694452612365585,0.3377776997442489
train,True,114,0.8595397220486642,0.2356738167282849,0.8322272204781506,0.15907603236022577
train,True,115,0.46278529217180103,0.1788650899181359,0.3415821354793991,0.1789928867976789
train,True,116,0.5887483055805119,0.1725703664192738,0.5354632987370672,0.11006901142446063
train,True,117,0.5107054373829522,0.23306769707209715,0.3152188353018613,0.20791736159634985
train,True,118,0.3962197494121468,0.15629178135579883,0.30043913398132105,0.15138187130179995
train,True,119,0.3777246819362046,0.23124259756918633,0.24268672524726845,0.24228769461102784
train,True,120,0.31075564580862175,0.15623203658598625,0.17199969099789683,0.16912392720940728
train,True,121,0.3696077024212269,0.2585340860246195,0.13368881254758894,0.2819117962979531
train,True,122,0.5327653350489282,0.24360814681237153,0.3826096344292125,0.2247900514733925
train,True,123,0.6927135859573922,0.13835157338483986,0.6021393663215339,0.15372226828874944
train,True,124,0.6390066851572006,0.18700461522707731,0.4980905833825107,0.20697041116278037
train,True,125,0.6003784585553976,0.09586144348543048,0.5462223955568605,0.07663168072383263
train,True,126,0.635675401843058,0.15809414747240483,0.5519035803675032,0.168715346203397
train,True,127,0.6333903239316551,0.17821007371190586,0.5682323523900205,0.15682366043892595
train,True,128,0.5760538928671793,0.20373210586104518,0.4529254697381983,0.21834563397969883
train,True,129,0.2894432650512093,0.2092755580651536,0.11567951027236151,0.23936509035899114
train,True,130,0.5095748010625791,0.21740061982442163,0.3586420213215343,0.2455695889939584
train,True,131,0.46215894954064685,0.10007360182710649,0.3906585858647395,0.06769050738927573
train,True,132,0.5596405118262949,0.15965614234539235,0.5066326641350806,0.1423074629043593
train,True,133,0.5958688883630988,0.17804506437938564,0.5069485539295174,0.18345832901419257
train,True,134,0.7672577284882968,0.19553210558251907,0.7067369015350548,0.17351273588918037
train,True,135,0.3307504503701113,0.08011955113844918,0.29484059492122566,0.0764443964625789
train,True,136,0.266198675513893,0.21965409642658754,0.09039442986141073,0.2120178360504702
train,True,137,0.2596421868485192,0.06667902164187746,0.16516735972395116,0.11831259671772615
train,True,138,0.6532757212295716,0.2419790494407648,0.5466622375571024,0.20390021877810435
train,True,139,0.432226265256659,0.14542116794942675,0.34917625838507815,0.12818439646003235
train,True,140,0.34294143427418894,0.12157095526352503,0.24006879649413024,0.11397701928861366
train,True,141,0.34166432719258627,0.10105415876543494,0.3063101281772964,0.07713959086308064
train,True,142,0.7492279735578521,0.15257724387248603,0.7074389450848497,0.16836235754670761
train,True,143,0.4462201908495626,0.11462899088017077,0.3389250335365772,0.1421984181622674
train,True,144,0.3080448934911484,0.16116337685740278,0.18140412999044994,0.16160007867126294
train,True,145,0.4985727789527347,0.16955661975540837,0.4097755283563638,0.15157873190409774
train,True,146,0.26252480263627476,0.0872298329147212,0.21743023046249432,0.055619782278535285
train,True,147,0.5749113359618312,0.1459140031330261,0.46615761132934447,0.17296801065840386
train,True,148,0.18089297035565943,0.06975293774694157,0.09614468503931788,0.08480916556452804
train,True,149,0.6704036210463737,0.09533289092061942,0.6868584316191956,0.16848868117831153
train,True,150,0.684373116316181,0.17986664521467696,0.6296157784301332,0.15624277813715468
train,True,151,0.5199342186488972,0.11590235531358846,0.43967430476278896,0.1873993195514911
train,True,152,0.5003047530898996,0.06593703367589915,0.4738993288953772,0.05414950593320116
train,True,153,0.5036618846697435,0.11939059768117398,0.43482544950692087,0.13211848920683605
train,True,154,0.23961583129431227,0.1403415056959644,0.09410124637215755,0.17763417024072178
train,True,155,0.5128505955109824,0.10697324638936839,0.4490370393274616,0.12689403883885794
train,True,156,0.5936271454937565,0.1333614151517468,0.5492719874449965,0.1107073589329954
train,True,157,0.5201953334924276,0.13614888681246767,0.4099300111496658,0.13331038388945063
train,True,158,0.5256721073498114,0.0976573730381267,0.4722178046383663,0.06772603119028194
train,True,159,0.3126725445340931,0.06387254490646137,0.27713838854183087,0.06534576850251424
train,True,160,0.43208533858764064,0.07043282846399238,0.3924021383791068,0.048294093507902446
train,True,161,0.123303268430012,0.05485989707004194,0.08955075834483767,0.06291772110755653
train,True,162,0.3574642914969326,0.1021643824871229,0.307893007924598,0.04703797148493335
train,True,163,0.6087371765514926,0.07455226391935728,0.5897970843076696,0.09616719676830149
train,True,164,0.7766251129701467,0.06511093877655837,0.7735368548072731,0.1199614674868069
train,True,165,0.6749394120029835,0.11868425683587443,0.5996825902797014,0.1784165519183274
train,True,166,0.32775709983932627,0.12294112094406029,0.26755699783594383,0.12257698899557616
train,True,167,0.28246235054064295,0.11449456836615739,0.23602855724844504,0.07512886977822632
train,True,168,0.42276776199758936,0.09611515386013254,0.37205682289133596,0.0735007274811971
train,True,169,0.7202718227516698,0.11672551502534477,0.6914529191802917,0.1475199177155708
train,True,170,0.30393495688818306,0.1645577191295737,0.16367695732896406,0.1763928709421041
train,True,171,0.2602449966481839,0.06395752054101415,0.19793697912715635,0.09141401644361212
train,True,172,0.40095662565298146,0.1318815569847354,0.3555183045278443,0.12327889093249227
train,True,173,0.5449686012295197,0.11988756300626514,0.47073543289142367,0.11057997188246303
train,True,174,0.2578542104659811,0.03853804428913758,0.2396150878056754,0.04048032375688405
train,True,175,0.76258561195136,0.07818224511107164,0.7227497264567551,0.0662512462622628
train,True,176,0.3414175636274797,0.09440674117199006,0.279279042010308,0.07070906924335438
train,True,177,0.14221068198659845,0.014068877586528415,0.12311357372916294,0.028421853725108095
train,True,178,0.21655825910097615,0.08902665423584431,0.13390759779991387,0.11122352660340444
train,True,179,0.29211229840898056,0.0709324518971592,0.24305726547237747,0.0720914256480668
train,True,180,0.5492024298261852,0.12356036112276454,0.5291051884794817,0.19704793623933262
train,True,181,0.24824203773099607,0.04002817095775248,0.25662352756969603,0.015035419261232965
train,True,182,0.44719771670559805,0.10250163102077382,0.38388557200497875,0.15078205389003055
train,True,183,0.2817335099573846,0.13311986177264917,0.18466037126458787,0.1304517375081912
train,True,184,0.16076870291981807,0.07026567560690837,0.07304670228122669,0.10522160214631077
train,True,185,0.41588637151907754,0.10798647042264127,0.3067609968290204,0.17635438956703012
train,True,186,0.47826971466818063,0.03814667352206,0.459962256027584,0.03878181493681849
train,True,187,0.1354865766654676,0.05567285259199436,0.10023441187802157,0.06112547862112996
train,True,188,0.22554505950600598,0.058695053899463716,0.16241713279299347,0.07882532975394031
train,True,189,0.5043246067418923,0.11223962496210964,0.4414672343408554,0.15613595346795342
train,True,190,0.26259130821574556,0.09920469801909658,0.18336534161195694,0.0952705895121389
train,True,191,0.17128839220892977,0.05907431144445987,0.06570352289033664,0.06821755081306331
train,True,192,0.4724928280852443,0.1123078807489511,0.4223251179977876,0.14150843291505033
train,True,193,0.09524995533282919,-0.02248292150839873,0.24105072632707572,-0.11823520099844781
train,True,194,0.24299046585121076,0.08918468369989778,0.18652116002709349,0.0769642754177264
train,True,195,0.5049782544111533,0.04687746079080438,0.45845937331093917,0.03643587584051474
train,True,196,0.547714732281117,0.12506619562066312,0.5468734831285701,0.07400541185494879
train,True,197,0.3679927843080417,0.08277949399703764,0.3111544776769743,0.08308437562263161
train,True,198,0.16614214477577902,0.04284021854318718,0.09980109199979459,0.07088096737774406
train,True,199,0.20927139280234475,0.06478729746309149,0.13674553005006337,0.0764528670832273
train,True,200,0.6023337176004274,0.2054990433753476,0.5001141323925674,0.20216953708099228
train,True,201,0.6241349883229649,0.20742969583538662,0.512114236798512,0.21728923656383983
train,True,202,0.6183257306853133,0.20926745281935186,0.508048775982232,0.21429325667444654
validation,False,0,0.5521595734083049,0.29235854186974547,0.36401932091862826,0.2886942779050168
validation,False,1,0.5063632801130046,0.22592358062659995,0.3995886039928472,0.1957216769095888
validation,False,2,0.7162552118627242,0.28668814142911303,0.6053614643865951,0.27368675011383603
validation,False,3,0.6439210687112723,0.24633971363159374,0.5264000144067873,0.23823475880542985
validation,False,4,0.49452622307305766,0.27375835834344214,0.2844177583842622,0.258793963714964
validation,False,5,0.663011495896563,0.33588909401054234,0.48946143879141224,0.3254549053704988
validation,False,6,0.5692790726313952,0.24006645670834262,0.4226915948146182,0.21217888566291535
validation,False,7,0.3295972744135111,0.286794265063885,0.15490992666478617,0.2580353222914681
validation,False,8,0.6190093066372314,0.28926358419213505,0.44352804795739914,0.27882330445892606
validation,False,9,0.21555431441023432,0.12869258188518962,0.10845016299004448,0.11860475817388275
validation,False,10,0.32648550599652326,0.13535154772918692,0.24330339048871588,0.1242935851468242
validation,False,11,0.5218731932973546,0.23040500582526485,0.3731540747222134,0.21446786116057284
validation,False,12,0.1969080488030702,0.12900022362843097,0.10021706520964443,0.11009175425893818
validation,False,13,0.5780131926624427,0.23943882499389502,0.43472996171059913,0.2220367670328394
validation,False,14,0.770920454701902,0.23814321777174582,0.703379029094629,0.20488158216747426
validation,False,15,0.37421350638333006,0.1293346745966152,0.29839521547500475,0.11450693784037345
validation,False,16,0.3437304787813988,0.15173963777215274,0.2390529852322084,0.132212868475299
validation,False,17,0.7215150059032719,0.2609037853025867,0.6163563907212627,0.25611778835872157
validation,False,18,0.4240989121198157,0.19074360356422768,0.3062917715546599,0.1828859782222426
validation,False,19,0.5416739430780376,0.1797533933927762,0.4442634227556483,0.1556398815734488
validation,False,20,0.496180434824066,0.2066433166014605,0.36805480080921976,0.1860997634894045
validation,False,21,0.34821435595030636,0.12651349773897885,0.27656794033050314,0.0998511372669588
validation,False,22,0.5176137547282071,0.18652476753996997,0.4222037497778541,0.1519477358520945
validation,False,23,0.23468669837707473,0.10325381364019875,0.17185928530659958,0.08599385367821816
validation,False,24,0.4909569792919123,0.17882590475865742,0.3968224371888621,0.15003679778373058
validation,False,25,0.2959260014764525,0.12751780285409772,0.2336832709974573,0.09987162771865364
validation,False,26,0.520425257396714,0.19176295661471676,0.4098769878312954,0.16670497211019922
validation,False,27,0.5007278023187024,0.2281436901131953,0.363959944239127,0.2114348640239466
validation,False,28,0.4047735859348608,0.1377389742077557,0.34816243637482974,0.10616546904266178
validation,False,29,0.40054623485026436,0.14375548327705667,0.3104767731738801,0.1264603344297583
validation,False,30,0.7382649823029124,0.22329029367593295,0.6647064844914764,0.19800882938435518
validation,False,31,0.5122964611970482,0.1752671623850934,0.4177303967409304,0.15683290148352175
validation,False,32,0.641537703301519,0.19928985662250417,0.5652240617507345,0.17360846887193304
validation,False,33,0.5022991600139353,0.14145378173326195,0.4320412819892686,0.1226960445167469
validation,False,34,0.5741578837447574,0.16993557281061397,0.5078066900569239,0.13743095188595325
validation,False,35,0.5785463906547209,0.1812217652201792,0.5111286383436665,0.1513522581951882
validation,False,36,0.555834828969689,0.16471182941808193,0.4873340860045257,0.13902034197986024
validation,False,37,0.2770051180294295,0.14691151578489206,0.18222831116694901,0.12946375175403488
validation,False,38,0.4676854365957716,0.18432928112108848,0.36060970108508045,0.16331740468025344
validation,False,39,0.1758029079567908,0.13041009176422222,0.07171474792085884,0.11030908023242625
validation,False,40,0.41182080141377475,0.16090321394269486,0.30765838749864416,0.14620699490308806
validation,False,41,0.4072118412154188,0.20059849002873564,0.30153499531961847,0.1720298351688001
validation,False,42,0.1810003498423021,0.12099666219218644,0.09076542914711794,0.10382000003790959
validation,False,43,0.5460682451617782,0.1523111006651415,0.48974592420333635,0.10326882755273187
validation,False,44,0.530406139939183,0.16172022212544282,0.46006846547151425,0.1352385463822293
validation,False,45,0.3704286371039377,0.12610245302072678,0.29814135184396884,0.10059599551869337
validation,False,46,0.15871273459980578,0.12230512931512377,0.06388364583858464,0.1060392795848127
validation,False,47,0.6761848655361269,0.14988219801178465,0.6425320819047802,0.10995185662754733
validation,False,48,0.30396030688345876,0.1309693054101776,0.2109721168958755,0.1159334911047521
validation,False,49,0.13791771605054803,0.10195141730676588,0.055732693931239786,0.09495351019487243
validation,False,50,0.26138142348808563,0.10431800552701441,0.19744679462119555,0.08342739290398717
validation,False,51,0.47101056438153704,0.15146778057879817,0.3880250253545903,0.13806456430194738
validation,False,52,0.5240261145659081,0.1472322649622821,0.465380905720121,0.11557109741931582
validation,False,53,0.4591615313434576,0.1113037098452072,0.4142420930969499,0.07719048851015364
validation,False,54,0.6260016012886666,0.14468786876137157,0.5948337358985291,0.08369037602834198
validation,False,55,0.47411575163415515,0.13199306718561893,0.40162520217645076,0.11929168786956197
validation,False,56,0.6161800980115945,0.16145960067864376,0.5585119457420429,0.13522556849288178
validation,False,57,0.34442718050023313,0.15160381589074076,0.2377918173725849,0.14139346190408442
validation,False,58,0.27271412908802645,0.12640033264767403,0.1924716995324875,0.11198927772445419
validation,False,59,0.5939318889096986,0.13603997178908023,0.5453548981565429,0.10471200113567536
validation,False,60,0.17135206126382727,0.10974949042773244,0.08433882534929223,0.09481852241412059
validation,False,61,0.10147250764502207,0.05015209512429496,0.0820000060873804,0.020165184356214855
validation,False,62,0.36524733541704746,0.12408127634924011,0.3132783532988021,0.07865104947439154
validation,False,63,0.13432310651939028,0.07260183483420542,0.08535823590403893,0.05739596100091599
validation,False,64,0.17082454629870544,0.09939462956803947,0.09338727403159856,0.0841678390443582
validation,False,65,0.7729452185476874,0.13873710178495569,0.7410520707272701,0.12631761358250784
validation,False,66,0.20861470812103028,0.10432163962823393,0.12110764690541356,0.09844882434508008
validation,False,67,0.1485687658547246,0.07466982973778735,0.10186513323122093,0.055766675491454615
validation,False,68,0.4908134085671671,0.154322134328911,0.4202727821331501,0.12114889955834005
validation,False,69,0.4659274981887448,0.12950971661023575,0.41879374882714987,0.10638216243727114
validation,False,70,0.14511913089581055,0.09931002771237155,0.06121531585625165,0.09428397724125298
validation,False,71,0.28551791747628613,0.1122068915265041,0.20976665075444612,0.09858492665811597
validation,False,72,0.21745846892179077,0.11584501600889063,0.12956183875872823,0.09736780045634322
validation,False,73,0.40759838627300177,0.12000897212792408,0.3430182675027898,0.08967974190545673
validation,False,74,0.1768772667884475,0.09173114871045285,0.10981900327657328,0.08058145456133455
validation,False,75,0.14375216054285936,0.05598608288345983,0.11349668156060816,0.03470816987196506
validation,False,76,0.09217023037383455,0.0683584631619339,0.03639897991907807,0.05816051660132634
validation,False,77,0.33197821000131733,0.09065944567368255,0.28720941808406697,0.0761404356770912
validation,False,78,0.20093383818912391,0.07803569099801856,0.1478457307122545,0.06218856410031248
validation,False,79,0.16278817291448414,0.08476193605481479,0.09247069107521688,0.08107982794036256
validation,False,80,0.22158976966938998,0.08913055173638344,0.1679591215375293,0.077760439742146
validation,False,81,0.4774308806891301,0.0772300202244359,0.4502467905053754,0.04002193690520782
validation,False,82,0.09691833034825159,0.0689068559773287,0.036655452857182455,0.0605301304978936
validation,False,83,0.39648593522182113,0.11147083376455415,0.3450692837421237,0.08819463329162991
validation,False,84,0.30306832221428864,0.09640812901308876,0.24348845715881945,0.07982396766290058
validation,False,85,0.4256864207626943,0.11130244487937263,0.36582989531085386,0.09447983111707946
validation,False,86,0.31410134750499974,0.09297407502034305,0.2660094599246063,0.06427637499449353
validation,False,87,0.17365957911759616,0.06432170549048967,0.13537369831235127,0.046910118085509434
validation,False,88,0.0904695635860135,0.06966423008571236,0.019532833463922736,0.07620512140666277
validation,False,89,0.06406565678451916,0.034044578746494844,0.05385427965137485,0.011592751619614311
validation,False,90,0.11776961258469364,0.060047129191729644,0.0862188141056385,0.03487524687738738
validation,False,91,0.22217586706038595,0.06142616163376988,0.18733746145098504,0.050061640659175725
validation,False,92,0.1313188945095626,0.0662780702254544,0.08752416086902626,0.05439275266705699
validation,False,93,0.11496738114851204,0.07581898535766181,0.0603951568373627,0.059300369068703715
validation,False,94,0.0876883137387303,0.037127673884467624,0.06600442202636848,0.02309127085750803
validation,False,95,0.13049595578723178,0.07584920505074659,0.06234396975609947,0.07364433701153338
validation,False,96,0.46700344157020013,0.08617260711796997,0.4335678197551045,0.0648971095385996
validation,False,97,0.09058435217467704,0.03603463376718619,0.07662830889968911,0.018000325981962505
validation,False,98,0.15105236645266662,0.06721412411777564,0.10178056446816038,0.06330730099388951
validation,False,99,0.11010092231696927,0.060939881433886164,0.07265593052588282,0.04504220769325379
validation,False,100,0.3556744894624631,0.2967292445266923,0.14448110425932542,0.27529681688424973
validation,False,101,0.7536328048670852,0.3097347918174843,0.6484768343014531,0.29574245648241276
validation,False,102,0.6225585068219547,0.2330368597313292,0.5212508309216229,0.21233051423419874
validation,False,103,0.5652907391738645,0.29777613345059667,0.3686788883882804,0.28687586441654767
validation,False,104,0.35866146816294653,0.23859310798341976,0.14492002116362862,0.2281276077557346
validation,False,105,0.6716816800472347,0.2749799923152168,0.5355051878685371,0.2747683515898702
validation,False,106,0.27310849546157095,0.17053675110625807,0.15583805489003913,0.14952036266634497
validation,False,107,0.6342187396826771,0.3078729432600753,0.46897859097762,0.2938472771827519
validation,False,108,0.7149518364836857,0.3033196242390601,0.5922816950498655,0.29042654037074117
validation,False,109,0.5549843015118633,0.3020152156760531,0.3596457885781425,0.29502497522351756
validation,False,110,0.34715292934409014,0.23761954727672344,0.203942154431894,0.22179707058384762
validation,False,111,0.39722141179391124,0.23215886715072911,0.2796467996159295,0.20006070826641917
validation,False,112,0.6647818584448713,0.21858084408809017,0.5832929813446854,0.18547520807842935
validation,False,113,0.5263206580845299,0.2606191959731078,0.39285099018324826,0.23527368478547714
validation,False,114,0.8410435188841331,0.25028206610681925,0.8116549563250067,0.2321034243138084
validation,False,115,0.4877086900153637,0.17999772631588065,0.3900821379439526,0.1531705529810608
validation,False,116,0.5941458275448297,0.2320100163123717,0.4624132850323842,0.21278570539489566
validation,False,117,0.481927815020464,0.2518312134770052,0.309671813420995,0.23495255120895608
validation,False,118,0.4464669189959562,0.22181224948194808,0.31031993696900945,0.19640224074120832
validation,False,119,0.3296300560412515,0.18330107606792068,0.24162828054413765,0.15493734491207745
validation,False,120,0.3421802685519943,0.2035011840203543,0.2018010141012524,0.18540656901022173
validation,False,121,0.31034891471823783,0.2403993852430883,0.16272624639430483,0.22475378663597584
validation,False,122,0.524363556945497,0.23145065593455796,0.3976127716455493,0.20246715212313623
validation,False,123,0.6919011113450652,0.19623337759557538,0.6314169204582947,0.16701007042687147
validation,False,124,0.6297987827126109,0.25164423139709935,0.5001659067818568,0.233386673726823
validation,False,125,0.5978240789973893,0.1649663229687473,0.5234014885441416,0.15256813040565123
validation,False,126,0.5784103622954467,0.163941915328306,0.5068128451905409,0.14624676730089498
validation,False,127,0.6449647366616944,0.20935870757097175,0.5484023208361656,0.20145846204991566
validation,False,128,0.5484590584495054,0.2001481644145595,0.4426658866045491,0.17680385056801295
validation,False,129,0.267487545547572,0.1995477876881847,0.12803224684222056,0.18993471893145417
validation,False,130,0.5350820953894055,0.22263714993558373,0.4158045662490212,0.18975532689382435
validation,False,131,0.46890968990084664,0.14687006841518768,0.3858810362753598,0.13168122995333417
validation,False,132,0.5315228058803435,0.1682040500171071,0.46620871374445366,0.1532599820477969
validation,False,133,0.6096282244270486,0.1848303648063987,0.544688096226331,0.16458740957594342
validation,False,134,0.7541869443809864,0.19901817501448696,0.6988180948341556,0.18251674663764117
validation,False,135,0.3510899468044329,0.12045469931055222,0.2798869636243171,0.10594297980487907
validation,False,136,0.1926797634844014,0.1399378937666123,0.07956218996461042,0.13254340341985094
validation,False,137,0.27000102674388077,0.11732494434671675,0.1909259206786917,0.10659344304163464
validation,False,138,0.6240949884908287,0.22014062251509114,0.526413642426152,0.18046646606424896
validation,False,139,0.42778123459432665,0.16705374499741305,0.3215217994517834,0.14950164048913075
validation,False,140,0.3360709773990094,0.17403455358044365,0.22096903950519814,0.1601902097805092
validation,False,141,0.3283206162363617,0.14336553768293714,0.24879877080911572,0.12597209373268867
validation,False,142,0.7383111029753242,0.2260318126373948,0.6711969867389473,0.20136589716565637
validation,False,143,0.4746338677204542,0.15650930255143286,0.405536103541497,0.13238489876494586
validation,False,144,0.29789564296042736,0.13550705531308108,0.21064294154341054,0.11327736504458201
validation,False,145,0.4843301667948562,0.1668117897867119,0.404207072316388,0.13899427710538306
validation,False,146,0.281574673951881,0.11246598101486703,0.2036225906550438,0.09743628666495542
validation,False,147,0.5782783597067054,0.18749021336049873,0.4840142277499543,0.17163938554786473
validation,False,148,0.17031188017876,0.07424923969496111,0.1303643007207178,0.05321571864836899
validation,False,149,0.6983312641815823,0.12896914070710852,0.6666675261129728,0.105952847136827
validation,False,150,0.668165082027449,0.16734713976324556,0.6190627307932558,0.13125485640287246
validation,False,151,0.5392437640788444,0.18303250954811387,0.45382433486326357,0.16028939050860092
validation,False,152,0.5481868491607774,0.15268268976447755,0.4815997868305928,0.12312965177979396
validation,False,153,0.5290037648683015,0.16870769489543516,0.44414798692699287,0.13195311430297563
validation,False,154,0.23186471257835642,0.17001888061521056,0.12961387124495471,0.1500699225220416
validation,False,155,0.501353161470134,0.1597427144521525,0.41870447833054353,0.14024113005481884
validation,False,156,0.5679151387494652,0.12066242200008952,0.5217304957948135,0.09748650615639612
validation,False,157,0.4857419078359811,0.13803988752455476,0.43010953337743807,0.1084624263076441
validation,False,158,0.5281960390617831,0.1272714827531924,0.4736441662084959,0.09245192845736215
validation,False,159,0.3374443119978783,0.1365374849599995,0.2750104392262484,0.10940334539498542
validation,False,160,0.47678298051997764,0.14663010488352773,0.4113771479534812,0.10828905875977106
validation,False,161,0.17252161606725075,0.08802318748341934,0.10319996657703431,0.07956205617482726
validation,False,162,0.34831361805220135,0.16234410905628943,0.27182889099042773,0.11902620976679582
validation,False,163,0.6035596519978986,0.10206775521518026,0.5614116032545988,0.08128522875856779
validation,False,164,0.7696984453403272,0.12090932239031779,0.7513145042036099,0.0952066495126144
validation,False,165,0.6148906481710437,0.12256628106993986,0.5735080672485434,0.08629027898041348
validation,False,166,0.3910537215112917,0.13463140095392592,0.3137989229951802,0.11233643148848849
validation,False,167,0.28957076137778925,0.09713795073716991,0.22586527619547514,0.0871339434014158
validation,False,168,0.436354398251673,0.12554172822723655,0.37942704125289145,0.089577671271672
validation,False,169,0.6881849598011744,0.1349763578107371,0.6576664854191067,0.11310581925263652
validation,False,170,0.2886902536638313,0.12543390619394132,0.20523713660285015,0.11619355302364874
validation,False,171,0.2912287807357427,0.11249818442690651,0.21544863282836685,0.09753309716176282
validation,False,172,0.3916089221712456,0.10333687250139913,0.34513404021297245,0.08011968044683485
validation,False,173,0.5068037416429867,0.11811858801103739,0.44290591166014665,0.10191142687714834
validation,False,174,0.309646963563467,0.08676739127571591,0.25847759464012765,0.06903771125117264
validation,False,175,0.704914961397131,0.12398107482846986,0.6816545899950136,0.09589423826328304
validation,False,176,0.33949119996580324,0.11376731137673253,0.2735880401598962,0.09344184462534086
validation,False,177,0.21521876097807485,0.054505281923474605,0.18686709640255428,0.02889236663111609
validation,False,178,0.25376893773669545,0.12342085209810343,0.1667575995918742,0.1150919751570755
validation,False,179,0.31734292606292425,0.10341599202638235,0.25351611734583784,0.09106392871407663
validation,False,180,0.5900410698547737,0.14446759262908193,0.5690166554338633,0.10775979422984944
validation,False,181,0.2797209204008102,0.07649535529175622,0.25170262911559543,0.036589502596478196
validation,False,182,0.45246063238864215,0.10471672690934093,0.3963902241518928,0.0795131689374976
validation,False,183,0.22554336599387587,0.08272290383892582,0.17479025270066878,0.06333125132934038
validation,False,184,0.16314765938241108,0.0811252383986505,0.10432264254262949,0.0701529743502864
validation,False,185,0.404034727533088,0.11447340951229433,0.34205337741626896,0.08554047454229732
validation,False,186,0.4955433070419004,0.1215005935612766,0.43543375479458585,0.10517673582955947
validation,False,187,0.1624037117983901,0.08832791502738083,0.0926196723189582,0.08407538810074558
validation,False,188,0.27331760915331005,0.08860032856069228,0.2237577361028835,0.06270071660259013
validation,False,189,0.47977047144952145,0.08705817633564578,0.4416560431816561,0.0499402326998024
validation,False,190,0.24334527184500868,0.0781959464691922,0.18836049062313467,0.06396054749658202
validation,False,191,0.15600866506035357,0.08250749633671832,0.11327450556207785,0.05223850098855538
validation,False,192,0.47512145153586954,0.14113821942174723,0.42400230044780207,0.1098509375958901
validation,False,193,0.17106278097563105,0.061003843198992325,0.11670389683911518,0.0754565895830005
validation,False,194,0.2570263028301967,0.09144906100763435,0.2042762491252281,0.0793899603565308
validation,False,195,0.47511524354907314,0.10891624799597571,0.41573868735337555,0.08371866899597226
validation,False,196,0.5731919182309743,0.12510548159388735,0.5269260860533883,0.10189180245124027
validation,False,197,0.37689234734098537,0.12168207693660994,0.3108100524504523,0.10301580659843187
validation,False,198,0.1908787288036555,0.07033203166128524,0.14189844685866077,0.06400511871136964
validation,False,199,0.223703102367881,0.08020971447692128,0.17050121068471305,0.0698266095096556
validation,False,200,0.6097503021554946,0.22680795088378874,0.5016538215319866,0.2046844419598821
validation,False,201,0.6254944803121342,0.23878840539682275,0.5146048362862645,0.21708492426258447
validation,False,202,0.6211367667238129,0.23516299067569954,0.5106912005902938,0.21306035463864156
validation,True,0,0.5377533825801327,0.2869132201328198,0.3321307512777729,0.30163443725629385
validation,True,1,0.4760354847997081,0.20507392205897337,0.40662320762769383,0.14531568670672146
validation,True,2,0.645502068318253,0.351011380703302,0.5188840733826665,0.3380541630516409
validation,True,3,0.6057868712737909,0.25534077573852504,0.5287089921876464,0.22746461783537283
validation,True,4,0.4900972159834965,0.33423191882942566,0.2714096754031276,0.2660003346349534
validation,True,5,0.6255973605106012,0.3272373686597898,0.43985798028285394,0.29919839318456515
validation,True,6,0.5716673016298609,0.2954477012070395,0.38783723040564116,0.2565780238402708
validation,True,7,0.28388623464700835,0.2793054049782785,0.09644110799821919,0.27020904478594465
validation,True,8,0.5927260966718334,0.31328333070676045,0.407499205759888,0.29519571700507014
validation,True,9,0.24954581289808006,0.14280286854389077,0.09191725612972289,0.15919381444128725
validation,True,10,0.3820113227619682,0.14362395534490371,0.2770257598309056,0.13841690268129483
validation,True,11,0.5360448077773872,0.278250087048998,0.35362871254324174,0.24556895652360186
validation,True,12,0.18677003253570035,0.09540622421750274,0.157732943946606,0.02564378729311746
validation,True,13,0.5507947030157778,0.23701436021575992,0.3722483820836627,0.2755987788643814
validation,True,14,0.7890757459375101,0.22074549886941786,0.7068892392484236,0.19655038343227374
validation,True,15,0.2920850754899104,0.17887996198585865,0.21930553166940756,0.16722706911002846
validation,True,16,0.36347411995748463,0.12918804976585468,0.2505186905109064,0.11310898172929985
validation,True,17,0.7335914992166739,0.3486832770331763,0.6261176911939789,0.29173381274307925
validation,True,18,0.4291188300802451,0.21581285139155018,0.27910966389325353,0.19983716701507295
validation,True,19,0.5947838216165836,0.2264140502356596,0.4466761035405957,0.21425619157174536
validation,True,20,0.5264451900109544,0.2335000573958309,0.3904077543509484,0.14037194185322968
validation,True,21,0.36126320424999764,0.086298224224285,0.3261852031765206,0.021773420700486504
validation,True,22,0.5052131363278044,0.13799329883181147,0.44429870304935215,0.07747746396028017
validation,True,23,0.3170494722958051,0.12179891644314622,0.19025704076147662,0.09069643350253781
validation,True,24,0.5306101916615403,0.175168666096387,0.40824155437219445,0.1541970565491017
validation,True,25,0.3482069289229532,0.11176876237117304,0.2326604179025308,0.09520797760777622
validation,True,26,0.49604622888919087,0.25250656982673075,0.3658645778040169,0.199448040244224
validation,True,27,0.4862591822203666,0.21298627056117117,0.3624798513885939,0.17528856538750404
validation,True,28,0.46454924386596796,0.17307097479996417,0.3691356489609603,0.13608740918530973
validation,True,29,0.42053440718493795,0.1457787683253845,0.31601898109200705,0.12490614233176119
validation,True,30,0.7082894088329753,0.1929955685289275,0.6406956508492468,0.16215800715532655
validation,True,31,0.49267143745025394,0.13808542838996657,0.41859793078524504,0.07705233183487421
validation,True,32,0.6609956447637255,0.24372134410653645,0.5767776331968196,0.16956750936817888
validation,True,33,0.5166868004662635,0.14491618816299545,0.45986170362215395,0.07312154572379638
validation,True,34,0.5768267590485795,0.14806269607153077,0.5016118195757002,0.12637246394341642
validation,True,35,0.5933520538023384,0.16990818359490703,0.5144073766155247,0.13428737902801055
validation,True,36,0.5199125577019105,0.19572705359281836,0.49376160705524336,0.10586145375994059
validation,True,37,0.3295780940476303,0.1764293157666118,0.2360649723260334,0.13198022080804353
validation,True,38,0.4507785570418828,0.18272130024230662,0.31738119103299195,0.17985631873023986
validation,True,39,0.15423869071484234,0.11520410867745194,0.050162355684201444,0.10436558265847197
validation,True,40,0.4256589600433304,0.13603939205057006,0.3294808873211296,0.12006882580786336
validation,True,41,0.42480239994726166,0.1754789975879754,0.33237998597701235,0.13640597146032918
validation,True,42,0.16163738810547126,0.09580072545891864,0.10159150074895894,0.06049668349417323
validation,True,43,0.5532555775684763,0.1401112402590355,0.46985187878010604,0.09091998516388346
validation,True,44,0.5160306635727973,0.1408021411291938,0.44514389283596634,0.10107190097817205
validation,True,45,0.42294167124121773,0.12699666861266304,0.3420415081745844,0.07479187612369191
validation,True,46,0.16326250671342155,0.11504752699573806,0.022200061744994167,0.13733993175188883
validation,True,47,0.676987919346428,0.1409061296061937,0.6374993709456197,0.09403024943664264
validation,True,48,0.2532009009071574,0.12159524451270338,0.18587997501873613,0.09323759280481932
validation,True,49,0.14003632052378295,0.09094161206280149,0.031528336104243625,0.11169293673523734
validation,True,50,0.2902328350075012,0.11176738251620773,0.2412071456219291,0.03468619496894531
validation,True,51,0.5101928918938696,0.12630794344438986,0.42289752904700256,0.09916507880027614
validation,True,52,0.49293334629381524,0.18475711914244428,0.44112952616407347,0.10877158096198308
validation,True,53,0.460902520545655,0.049742722624166236,0.39261582225512875,0.027065987167145488
validation,True,54,0.6011589389986548,0.1984671092231796,0.5487869278730092,0.09966965984992894
validation,True,55,0.46300587490361306,0.0714219961079519,0.4152078192081931,0.02156253036728033
validation,True,56,0.576619689593769,0.19793638175378733,0.5374777622221297,0.11391094713741105
validation,True,57,0.3801544392154539,0.14780561622621705,0.23959739688827186,0.14153703198845385
validation,True,58,0.28582085877467267,0.11948211019528433,0.2327203058049566,0.04064905021492482
validation,True,59,0.5513015114562562,0.16079549802995136,0.510610600538444,0.10513611538380661
validation,True,60,0.16320740317691992,0.09278164050737105,0.07054511826128267,0.09212516269122094
validation,True,61,0.08291671271069075,0.034399109276677504,0.06335729950999215,0.03661278210345922
validation,True,62,0.429338801196577,0.08576160069495802,0.37641924721544684,0.028026276944104322
validation,True,63,0.13644201667542735,0.07522431543616444,0.11459621642540076,0.015298754708494462
validation,True,64,0.13523342820901088,0.06450481578781411,0.06470559239248261,0.06670715837746093
validation,True,65,0.7543453205930882,0.17963256541019065,0.7316757484120749,0.0855012157538899
validation,True,66,0.16678945663639758,0.08221611125860089,0.13095166345576745,0.05532513886184295
validation,True,67,0.18491863046961945,0.11793209542782562,0.12203035746799283,0.07235718399491999
validation,True,68,0.4779955289042828,0.15336928893158736,0.42245290774785477,0.1097967897322028
validation,True,69,0.47047828029044353,0.13666088458707876,0.4453745919079954,0.03248272930630119
validation,True,70,0.13138980911039605,0.06826258919489307,0.03428279259714962,0.08477287080356327
validation,True,71,0.2973865950912034,0.07986056249155135,0.25410826472948767,0.014777134009566694
validation,True,72,0.16475651972202626,0.06618351442668079,0.12720549063018993,0.03858935514717351
validation,True,73,0.42628726930167127,0.1026612486175769,0.3329183307391484,0.06849811927824188
validation,True,74,0.17816749001562363,0.07524211877799249,0.10049049907920692,0.07563860067966252
validation,True,75,0.18658989445462662,0.08036779473600898,0.13196102232373377,0.04050078334330088
validation,True,76,0.09532175051514243,0.06026871554732125,0.05327477310414765,0.04742235208264473
validation,True,77,0.42467873367041414,0.09046103682054994,0.36146653189192346,0.07080965904531812
validation,True,78,0.21807510167462252,0.05465042146013408,0.1915057811109774,-0.0006758969235164241
validation,True,79,0.13829653270215855,0.06296279133106712,0.08876298885770588,0.05685128922766581
validation,True,80,0.21119465582491823,0.05610538899156418,0.1966108483665976,-0.005701123989894537
validation,True,81,0.4782693330160825,0.06371841910913136,0.4904049006252365,0.005094036805182334
validation,True,82,0.08804691118122852,0.05017801612221744,0.033301624776911516,0.031282183627403294
validation,True,83,0.4002493163366496,0.07280018218887253,0.3577607985958741,0.03575386388789775
validation,True,84,0.3143598522006217,0.10216168646594948,0.299032230802543,0.03886279742044151
validation,True,85,0.4956270693573381,0.10716956022300761,0.4355558544113521,0.06745965152047947
validation,True,86,0.30159312635766106,0.05702231552655995,0.2446878169781531,0.03896497076550245
validation,True,87,0.18653869647316157,0.07114729437887449,0.13356011261730655,0.043989378074558584
validation,True,88,0.057900078077528255,0.03662381593492951,0.026443815759314423,0.029333174968603045
validation,True,89,0.06655638124745049,0.03959017811090208,0.03466323108827556,0.0381158554242295
validation,True,90,0.15624821605855593,0.08346512552569256,0.11427243421894312,0.0319600501403382
validation,True,91,0.20532633713514456,0.037563091376108686,0.21877303963742004,0.009433641740998805
validation,True,92,0.1299055578573111,0.07760172135634304,0.050020074385882664,0.12363750437679548
validation,True,93,0.10996185533433439,0.0796067478788364,0.06638801374961224,0.039481795686487214
validation,True,94,0.10900186043876296,0.062095708858371436,0.0865272286733284,0.0192807958041338
validation,True,95,0.10137891931161784,0.1005336019867048,0.031277620317875114,0.1079920802572054
validation,True,96,0.4688972370814719,0.072468702436059,0.4539842060232579,0.03630367767000861
validation,True,97,0.12545793677808634,0.08992997403380464,0.08355164179678017,0.06468637370233682
validation,True,98,0.15783089391494243,0.07457364322519364,0.07242690358838995,0.09979081858140125
validation,True,99,0.15135595392992027,0.0953983243925254,0.11095852948224248,0.03964741220570467
validation,True,100,0.3622032780881626,0.2898316960912353,0.14707716548517138,0.2756211675976705
validation,True,101,0.7235264442819574,0.3865393624525326,0.6283572211546434,0.3468566328615004
validation,True,102,0.6095153144273076,0.18038418979562498,0.5403095533994501,0.10482304870031184
validation,True,103,0.520582697798302,0.3024530859104951,0.3143897861200288,0.30643322257893474
validation,True,104,0.39614084360390156,0.24987987254535093,0.1889263013253004,0.21360749666463494
validation,True,105,0.642913434517726,0.3215335863190711,0.46359092005574193,0.29846960129564576
validation,True,106,0.2723705215876534,0.14777129648433515,0.19239236980879568,0.10498141309477586
validation,True,107,0.6244429129438637,0.3850229549524182,0.4494934146633218,0.3361463758774795
validation,True,108,0.7247760608543419,0.30690178397198237,0.5853275025778689,0.30906130346643207
validation,True,109,0.544555814730917,0.34247822437202347,0.31814073576716917,0.32151227425530887
validation,True,110,0.343850821239196,0.20969478367136,0.22678723060776637,0.14765297225078836
validation,True,111,0.3915860671234839,0.22157968695744193,0.30578051608930273,0.17405724400229908
validation,True,112,0.6515221737082691,0.2341371286883056,0.5556777093356521,0.20702085269253157
validation,True,113,0.5456248274198642,0.2247397401379239,0.43728292221575327,0.17212995006029938
validation,True,114,0.812156171434792,0.2443609400907105,0.7896629852129845,0.15787857704898053
validation,True,115,0.4507841667563935,0.18631619662843782,0.3685787478735416,0.14958772730699335
validation,True,116,0.623173348174746,0.28175449041135897,0.4807543643866384,0.2425191595617868
validation,True,117,0.4750024137411603,0.3213639376637059,0.27911390769706795,0.29787023544551966
validation,True,118,0.44106736987652645,0.23991039093342006,0.326139915404413,0.16944659123020178
validation,True,119,0.3282535348539731,0.1721133137191545,0.26237159531950455,0.13923942912132595
validation,True,120,0.34783512606215544,0.20634455973084787,0.22483630942840657,0.17449227999871383
validation,True,121,0.27109950359273716,0.23109771001022597,0.12724890910934503,0.23306219075045384
validation,True,122,0.5023598871163748,0.23335862117197215,0.40521411689180337,0.17586146944032188
validation,True,123,0.6763741722475075,0.23555082142427383,0.6045484933500972,0.17264690769166324
validation,True,124,0.5850067763598199,0.26147906902011564,0.477079912060738,0.22649953257503108
validation,True,125,0.5959922156728409,0.165185929244445,0.5424822951994827,0.14265101732483823
validation,True,126,0.6034404506968477,0.17482190719877447,0.5297397217982424,0.13640214214416366
validation,True,127,0.650780168875095,0.20352130480577402,0.5293415107653127,0.2204463327142097
validation,True,128,0.5501820187890963,0.21561333652094417,0.44335025965098906,0.17725448451345102
validation,True,129,0.26333817117883734,0.2268118810908936,0.13729683285321692,0.1889366886169526
validation,True,130,0.48585166758575155,0.21538217652260885,0.37260963485753124,0.15050893272574511
validation,True,131,0.4795489816532428,0.1616103632144051,0.3961934330767249,0.12945693186629684
validation,True,132,0.5294160736135829,0.1653035824868618,0.4652460106235909,0.14953473624458283
validation,True,133,0.602560830471081,0.18573652844344768,0.5646867338448688,0.12054142238317639
validation,True,134,0.7179967043046823,0.2021488006617053,0.6596075564727807,0.1935968045290113
validation,True,135,0.37616353684078413,0.1123414578326536,0.26350199162130417,0.12288276263878674
validation,True,136,0.20870751105656468,0.15669420238959933,0.10028090105637207,0.12074978694847105
validation,True,137,0.2634465007642881,0.09236728767856213,0.22713559517194715,0.04869435264678846
validation,True,138,0.60417362223297,0.19172109716638594,0.5121463737581441,0.16666962593345677
validation,True,139,0.4348837834881847,0.177410127926064,0.3199069019658342,0.15465649587731756
validation,True,140,0.38330088180161,0.19465971621623923,0.24550552290095637,0.1643334393589522
validation,True,141,0.4152355306093993,0.1915039395238767,0.2654387562063855,0.17672715249083024
validation,True,142,0.766255286163414,0.24579596233961476,0.6838368156906581,0.18989026155323008
validation,True,143,0.40307122775088783,0.20834407550965592,0.3328351591524166,0.17441784746119937
validation,True,144,0.31729797079913175,0.12744574138528866,0.2542383651395104,0.06516391404077802
validation,True,145,0.5043444375994807,0.16082755145734623,0.43223757073344043,0.10470652916031246
validation,True,146,0.3312007502064636,0.13616483520662184,0.2152072740275526,0.10401093796377064
validation,True,147,0.5855108470270037,0.19031981392043928,0.4940812666548205,0.1576507173308979
validation,True,148,0.17402512545814544,0.08773023879857439,0.17268053041112166,0.01963753164022269
validation,True,149,0.7337173844022921,0.1097173490100417,0.6541697080234115,0.06506947759285198
validation,True,150,0.6955798810530712,0.1501546396403242,0.6344248358204253,0.10355063904256112
validation,True,151,0.6022325225949072,0.1821442467713257,0.4550299149824441,0.1856335922077107
validation,True,152,0.5562052253749946,0.19036292743795816,0.49176547369677254,0.11915054291442458
validation,True,153,0.5379723551355861,0.16821324401023488,0.4474583495292173,0.13137077842662484
validation,True,154,0.18571205957795853,0.14017825945350373,0.12419119844537586,0.10341813236734256
validation,True,155,0.49601604680531897,0.18667040052751252,0.4162092082424144,0.13814971023702607
validation,True,156,0.552099684755519,0.09685385896662607,0.5229640905596064,0.0701580586225491
validation,True,157,0.3835708968010001,0.1840662894030833,0.35821224450437333,0.12815597523593256
validation,True,158,0.5551801425215249,0.1567833599254778,0.49880945517454905,0.07192982635045943
validation,True,159,0.36723313005960767,0.15006042460821326,0.30391640397001857,0.09462979314081449
validation,True,160,0.4413209192468202,0.14519307862511963,0.39607051347182437,0.0879729193493922
validation,True,161,0.1905741772546955,0.1012527846304037,0.06906014320790614,0.10256038864482493
validation,True,162,0.38337259563307885,0.1749349227736093,0.32229186626951206,0.06839690386831353
validation,True,163,0.6275891018155177,0.08315631356918025,0.5656835241261288,0.05031002335746617
validation,True,164,0.780281174981312,0.12150865454048276,0.7616356608338735,0.07963537585582466
validation,True,165,0.6537788380153087,0.15357630605329575,0.599068613714221,0.10598180913857941
validation,True,166,0.38262155418573146,0.1413801276760216,0.3069585218934748,0.09656253623660856
validation,True,167,0.3213133005083724,0.0854477349131355,0.29627887809901415,0.020327555984340873
validation,True,168,0.4470353437483045,0.14667344656509326,0.3777139719339299,0.10479094755316211
validation,True,169,0.692300197416142,0.07779384260151248,0.6666551896888069,0.08150526858944825
validation,True,170,0.24916870066638896,0.1141904409978084,0.17776943448549673,0.09596320908916807
validation,True,171,0.3116601800792014,0.10115719230057553,0.21542314043053148,0.08151015134161131
validation,True,172,0.3675622781185959,0.09931672480555426,0.3433099889098394,0.05677878025065498
validation,True,173,0.5213648367315388,0.15202334779084567,0.42797692084749744,0.11665947857182281
validation,True,174,0.3194658554015847,0.08987501285406536,0.27323846503448207,0.027657638863508166
validation,True,175,0.6907211202730186,0.1294662388359268,0.6943382345163173,0.10256720212804075
validation,True,176,0.38565765491413745,0.1062538302962589,0.28778717282490834,0.0945186474947034
validation,True,177,0.24026723760077015,0.06067844366463091,0.2055698172143475,0.02324510832308846
validation,True,178,0.2747772561520798,0.11228713504864175,0.21178345327423134,0.06750080877456947
validation,True,179,0.3057353151850382,0.044134159142643924,0.2671693140827635,0.002403797292709524
validation,True,180,0.5581960027556457,0.09996805200831214,0.5181294619383044,0.046943667236621724
validation,True,181,0.2898550921661156,0.09631330005394134,0.26578658135302846,0.012200197024340664
validation,True,182,0.4831350067267768,0.13788734122984467,0.44118826823555485,0.12299713666994606
validation,True,183,0.20776592900979976,0.06688397669664432,0.19793729457766154,0.041581754578883946
validation,True,184,0.1452220022623818,0.05977978722349749,0.11123935940383917,0.04687945540636767
validation,True,185,0.3889409797897409,0.09007842514367782,0.35716632879081417,0.07234011978357606
validation,True,186,0.5375882621641189,0.12112473927372071,0.4619503732415806,0.09934140227555181
validation,True,187,0.14610410535167787,0.05835937267252961,0.1258696322376,0.028414467871941924
validation,True,188,0.3093930931539066,0.12268971351681708,0.24073640053045905,0.06262302202577562
validation,True,189,0.48019205473656235,0.07350702420869797,0.43966790986611665,0.06034505447181659
validation,True,190,0.24367890604952555,0.06107153010444518,0.2443203589005177,0.005358524550496181
validation,True,191,0.15341447028446759,0.10515110582567373,0.11962509992520809,0.04664113412955515
validation,True,192,0.47762757841195635,0.17458048478208307,0.4308323551140815,0.06368947135737928
validation,True,193,0.21789148580005938,0.06853545443417135,0.11554324639873002,0.0467793504764209
validation,True,194,0.2908393163937822,0.1324432898883484,0.2216908926793715,0.07168388443194967
validation,True,195,0.4960771637364019,0.16125715696113538,0.404625655380005,0.1114204109022941
validation,True,196,0.6004161216128446,0.1315230753376767,0.5371371510142119,0.09510061543153116
validation,True,197,0.4328344507751572,0.12752823446806952,0.336268909894568,0.09703263255048966
validation,True,198,0.2013349393350179,0.08104361371651699,0.10910527855525227,0.10944215157101683
validation,True,199,0.2364294190391474,0.0876800805094431,0.1443741976177813,0.0922349665399189
validation,True,200,0.6011275346675643,0.23806082413882865,0.4835990185344241,0.20282024372714277
validation,True,201,0.623142954186668,0.26258365234042835,0.5124152619749168,0.2152522694688784
validation,True,202,0.6159470404252637,0.2525962078921233,0.501528887722364,0.2100849816936257
