case,output,object,action_relation,scene,count_layout,best,notes
F001,A,partial,partial,wrong,partial,all_wrong,人踩板张臂但滑板沿矮墙变为雪坡滑雪
F001,B,partial,partial,wrong,partial,all_wrong,单人侧滑雪板代替墙沿滑板；树林变雪道
F002,A,partial,partial,correct,wrong,B,床上有猫但增加棕狗；猫未蜷睡且缺玩偶
F002,B,correct,partial,correct,partial,B,保留床上黑白猫但增加前方橘猫；缺右侧玩偶
F002,C,wrong,partial,correct,partial,B,黑白猫变成卧床黑白狗；床品和玩偶缺失
F003,A,correct,partial,partial,partial,A,单只长颈鹿保留但更正面静立；灌木地变开阔草坪
F003,B,correct,partial,partial,partial,A,长颈鹿转为正面站立；背景多建筑道路
F003,C,wrong,partial,partial,partial,A,长颈鹿被大象替代；草地变硬质地面
F004,A,partial,wrong,partial,partial,C,滑雪者变成雪上跨步人物；缺雪杖且远景出现海面
F004,B,correct,partial,correct,partial,C,雪坡人物放大且缺双杖；远处第二人消失
F004,C,correct,correct,correct,partial,C,双杖滑雪动作对应；人物更大且缺远处滑雪者
F005,A,partial,wrong,partial,wrong,B,持滑板背行变两人侧向站走；额外滑板落地且长椅缺失
F005,B,partial,partial,partial,partial,B,单人背向走路对应；手持物呈弯杆而非明确滑板；长椅缺失
F006,A,partial,wrong,partial,wrong,all_wrong,改为儿童独自滑板；缺轮椅乘坐者及同行关系
F006,B,wrong,wrong,partial,wrong,all_wrong,轮椅和滑板人物被狗与围观者替代
F007,A,wrong,wrong,partial,wrong,all_wrong,斑马变成伏卧的棕色有蹄动物；缺站立全身
F007,B,wrong,partial,partial,wrong,all_wrong,斑马变成长颈鹿头部；全身和前景岩石缺失
F008,A,wrong,partial,partial,wrong,all_wrong,坡上白马变为近处低头绵羊并增加后方动物；缺电杆
F008,B,wrong,partial,partial,wrong,all_wrong,单匹白马变多只羊状动物；斜坡和电杆缺失
F008,C,wrong,correct,partial,partial,all_wrong,白马变短颈羊状动物；站立保留但变平草地且缺电杆
F009,A,correct,partial,partial,partial,C,保留STOP牌但变蓝色；街名牌和涂鸦缺失
F009,B,correct,partial,correct,partial,C,STOP牌变绿色并横向拉宽；缺上方街名牌和下方禁停牌
F009,C,correct,partial,correct,partial,C,红STOP牌对应；附牌文字布局不同且缺涂鸦
F010,A,wrong,wrong,partial,partial,all_wrong,床上伸展猫变成躺卧人物；书架和床栏缺失
F010,B,wrong,wrong,partial,partial,all_wrong,猫变成沙发上躺着的人；卧室书架改为电视柜
F011,A,correct,correct,wrong,correct,B,领带眼镜男子半身对应；墨镜西装变透明眼镜背心且砖墙变人群
F011,B,correct,correct,partial,correct,B,西装领带男子构图对应；墨镜变透明眼镜且砖墙变海报墙
F012,A,partial,wrong,partial,partial,B,儿童拿面包变为拿香蕉贴耳；双手胸前持食物关系缺失
F012,B,correct,partial,partial,partial,B,儿童双手拿圆面包保留；视线侧转且店内背景变纯色墙
F013,A,correct,correct,partial,partial,C,近处大象方向相似但身后多出象；灌木变草坪
F013,B,correct,partial,partial,wrong,C,单象改成数只挤在一起；侧向全身关系改变
F013,C,correct,correct,partial,correct,C,单象向右垂鼻对应；象牙不明显且低矮灌木消失
F014,A,correct,correct,correct,partial,B,雪坡多人滑雪保留；近处横排人群变稀疏两人
F014,B,correct,correct,correct,partial,B,多人滑雪分布较接近；远景增加雪山且坡向不同
F014,C,correct,correct,correct,partial,B,滑雪者集中右侧并向远处延伸；原近景横排缺失
F015,A,correct,partial,partial,wrong,A,飞盘运动保留但多出人物及飞盘；低机位近景变球场全身
F015,B,partial,wrong,partial,partial,A,飞盘变网球拍；人物改侧身击球且缺树下仰视关系
F016,A,wrong,wrong,wrong,wrong,all_wrong,黄油包装和剪刀变成手持手机及面包
F016,B,partial,wrong,partial,wrong,all_wrong,改为装饰面包与手操作工具；无原黄油包装和剪刀布局
F016,C,partial,wrong,partial,wrong,all_wrong,餐具水果盘替代黄油与剪刀；仅保留台面俯视
F017,A,correct,partial,wrong,wrong,all_wrong,拥挤车厢乘客变户外两人坐椅；通道和扶杆缺失
F017,B,partial,wrong,wrong,wrong,all_wrong,地铁乘客变街边人群与自行车玩偶
F018,A,wrong,wrong,wrong,wrong,all_wrong,汽车座椅行李箱变房间内电脑架
F018,B,wrong,wrong,wrong,wrong,all_wrong,车内行李箱被双马桶和电视替代
F019,A,correct,wrong,wrong,partial,all_wrong,客机朝右但变空中飞行；机场跑道及起落架地面关系消失
F019,B,correct,wrong,wrong,partial,all_wrong,地面客机变云上飞行；机头朝左且尾部样式改变
F019,C,correct,wrong,wrong,partial,all_wrong,客机在空中放轮而非停在跑道；朝向相反
F020,A,correct,correct,correct,partial,A,雪地持杖人物对应；缺墨镜及近旁器材和棚子
F021,A,partial,partial,partial,wrong,A,天空风筝与人保留；大黄鸭和长椅消失且草地被裁掉
F021,B,partial,partial,wrong,wrong,A,少量风筝和人物在公路；缺大型黄鸭与草坪长椅
F022,A,correct,correct,correct,partial,A,马桶在卫生间对应；增加浴缸水池且狭窄隔间变宽
F022,B,partial,wrong,partial,wrong,A,马桶缺失；改成带橱柜水池与浴缸的房间
F023,A,wrong,wrong,wrong,partial,all_wrong,炉灶橱柜变淋浴门与洗手台
F023,B,wrong,wrong,wrong,wrong,all_wrong,厨房灶台变成白色浴缸及扶手
F023,C,wrong,wrong,wrong,wrong,all_wrong,炉灶近景变狭小马桶隔间
F024,A,partial,wrong,partial,wrong,all_wrong,杂乱卧室单人站立变多人坐在整洁客厅
F024,B,partial,wrong,partial,wrong,all_wrong,床与衣柜缺失；改为客厅多人和地上狗
F025,A,wrong,wrong,wrong,wrong,all_wrong,床垫店外立面变成室内餐桌椅；床垫和招牌缺失
F025,B,wrong,wrong,wrong,wrong,all_wrong,床垫商店被路边黄色公交车替代
F026,A,partial,partial,partial,partial,all_wrong,手持零食袋变成杯装条状点心与剪刀；袋装甜甜圈缺失
F026,B,partial,partial,partial,partial,all_wrong,手持包装甜甜圈变单个奶油装饰点心；黄色包装缺失
F026,C,wrong,wrong,partial,wrong,all_wrong,手持零食袋变篮子内剥皮香蕉
F027,A,partial,wrong,wrong,partial,B,小型螺旋桨飞机变大型客机停地面；朝向反转
F027,B,partial,correct,correct,correct,B,向右空中飞机保留；黄色高翼螺旋桨机变喷气客机
F028,A,wrong,wrong,wrong,partial,all_wrong,厨房灶台和桌面变卫生间镜面洗手柜
F028,B,wrong,wrong,wrong,wrong,all_wrong,厨房被洗手池和坐浴盆替代；餐桌炉灶缺失
F028,C,wrong,wrong,wrong,partial,all_wrong,改成长镜洗手台和马桶；无炉灶抽油烟机
F029,A,partial,partial,partial,partial,A;B,木质厨房保留；开放搁板变吊柜并增加吧台高椅
F029,B,partial,partial,partial,partial,A;B,木柜与厨具对应；旧式木墙搁板变现代台面电器
F029,C,partial,partial,partial,partial,A;B,木柜厨房对应；前景桌变大理石岛台花盆且搁板缺失
F030,A,wrong,wrong,wrong,wrong,all_wrong,椅上猫和彩旗变电视与马桶
F030,B,wrong,wrong,wrong,wrong,all_wrong,猫椅和彩旗缺失；变卫生间电脑桌
F031,A,partial,wrong,correct,wrong,all_wrong,厨房场景尚在但主体冰箱及绿色帘子缺失
F031,B,wrong,wrong,wrong,wrong,all_wrong,冰箱近景变浴室洗手池镜子
F032,A,wrong,wrong,partial,wrong,all_wrong,雪中信号灯道路变积水港道与船；信号灯缺失
F032,B,partial,partial,partial,partial,all_wrong,街口信号灯保留少量；雪路变晴天公交街景
F033,A,partial,wrong,partial,wrong,all_wrong,密集毛绒玩具变两只玩具熊夹着真狗；黑色架子缺失
F033,B,partial,wrong,partial,wrong,all_wrong,成堆玩偶变一熊两只狗在沙发；数量显著减少
F034,A,wrong,wrong,wrong,wrong,all_wrong,儿童持棒球手套变手拿刀切绿色植物
F034,B,partial,wrong,wrong,partial,all_wrong,持手套儿童变婴儿头与香蕉状物；球和手套缺失
F034,C,partial,wrong,partial,partial,all_wrong,儿童脸旁手套棒球变香蕉；户外变室内靠垫
F035,A,wrong,wrong,wrong,wrong,all_wrong,牛和旁边人腿变枝叶上的红鸟
F035,B,wrong,wrong,wrong,wrong,all_wrong,户外牛变室内台沿小猫；旁边人物消失
F036,A,partial,wrong,partial,wrong,all_wrong,两名骑摩托者变三名步行者；摩托车完全缺失
F036,B,wrong,wrong,partial,wrong,all_wrong,公路摩托车变铁轨列车；骑手缺失
F036,C,partial,wrong,partial,wrong,all_wrong,两名骑手变单人站铁轨旁与蒸汽火车
F037,A,correct,partial,correct,partial,A,户外聚餐举杯相近；两人变三人且桌上酒瓶阵列缺失
F037,B,correct,partial,correct,partial,A,两人户外拿食物饮料；相对交谈变面对镜头且酒瓶桌消失
F038,A,correct,partial,partial,wrong,C,棒球场保留但儿童待击变两名成人运动员；大型看台替代草地
F038,B,correct,partial,partial,wrong,C,棒球人物增加并改投掷姿态；缺儿童持棒待击近景
F038,C,correct,partial,correct,partial,C,户外棒球击球位置对应；成人和捕手替代单个儿童主体
F039,A,partial,wrong,partial,partial,all_wrong,棒球投手变红衣跑跳人物；手套与投球动作缺失
F039,B,partial,wrong,partial,partial,all_wrong,投手变两名持拍行走者；投手丘与后方裁判关系缺失
F039,C,partial,wrong,partial,partial,all_wrong,棒球投掷变持网球拍跑动；近处投手丘不见
F040,A,correct,partial,partial,partial,B,成人儿童围桌保留；生日蛋糕帽子气球缺失且变普通餐盘
F040,B,correct,partial,partial,partial,B,儿童成人与生日蛋糕对应；抱坐关系及气球派对帽缺失
F041,A,partial,wrong,wrong,wrong,all_wrong,树前长尾菱形风筝变海面风筝冲浪
F041,B,partial,wrong,wrong,wrong,all_wrong,运动场树前风筝变河岸低空弧形物；球场人物缺失
F041,C,partial,wrong,wrong,wrong,all_wrong,单个长尾风筝变水面多只牵引风筝与冲浪者
F042,A,correct,correct,correct,partial,A,蔬菜披萨保留；番茄厚片变黄瓜叶菜且取景更远
F042,B,wrong,wrong,partial,partial,A,蔬菜披萨变夹层三明治和黄色花状配料
F043,A,partial,wrong,partial,wrong,all_wrong,中式字画时钟陈设变咖啡机水壶与黑板
F043,B,wrong,wrong,partial,wrong,all_wrong,中式钟表餐具和书法变电脑书桌
F043,C,wrong,wrong,partial,wrong,all_wrong,传统陈设变笔记本电脑杂物台；时钟书法缺失
F044,A,partial,partial,partial,partial,all_wrong,花瓶内白玫瑰变宽叶植株；增加香蕉饮品与碗
F044,B,wrong,partial,partial,wrong,all_wrong,玫瑰枝变杯中彩色餐具；背景和面包占据画面
F044,C,partial,partial,partial,partial,all_wrong,细枝白花变粗茎果实状插物；黑瓶变蓝绿瓶且台面杂乱
F045,A,wrong,partial,partial,correct,all_wrong,北极熊变棕色长耳有蹄动物；水泥围栏变户外草木
F045,B,wrong,partial,partial,correct,all_wrong,北极熊变棕色长耳动物；仅保留向前迈步
F045,C,wrong,partial,partial,partial,all_wrong,白熊变斑马；蓝墙水泥地变泥地
F046,A,correct,partial,correct,wrong,B,单红STOP牌变上下两块绿牌；街名牌和涂鸦缺失
F046,B,correct,partial,correct,partial,B,单个八角STOP牌对应；缺街名牌与WAR涂鸦
F046,C,correct,partial,correct,partial,B,红牌保留但STOP重复两行；双杆替代单杆且缺街名
F047,A,partial,wrong,wrong,partial,all_wrong,蹲地摆风筝儿童变站板张臂持环；草地消失
F047,B,partial,wrong,partial,wrong,all_wrong,蹲姿玩风筝变站立拿球拍；增加下方儿童
F048,A,correct,partial,correct,partial,A,转角厨房保留；木柜变白柜且大窗炉灶缺失
F048,B,partial,partial,correct,wrong,A,厨房改直线柜台冰箱；原转角水池窗户和炉灶缺失
F048,C,partial,partial,correct,wrong,A,白柜冰箱取代窗边木柜炉灶；转角布局改变
F049,A,correct,correct,correct,partial,A,网球近身挥拍击球对应；人物侧背向且前景网带缺失
F049,B,correct,partial,correct,partial,A,持拍网球人物对应；击球伸臂变正面准备姿态
F050,A,correct,correct,partial,correct,B,列车向右侧面保留；机车变客车车头且站棚缺失
F050,B,correct,correct,correct,correct,B,棚下列车朝右对应；蓝黄机车变银色列车
F050,C,correct,correct,partial,partial,B,轨道列车保留；车头朝左且大站棚变建筑外墙
F051,A,partial,wrong,wrong,partial,all_wrong,屋顶弯腰整理帆具变室内坐着用电脑
F051,B,partial,wrong,wrong,partial,all_wrong,户外帆具操作变室内桌前操作多台显示器
F051,C,partial,wrong,wrong,partial,all_wrong,弯腰处理帆具变雪地坐桌前用笔记本
F052,A,wrong,partial,wrong,partial,all_wrong,雪山前牛变长颈鹿；雪峰全无且主体更高
F052,B,wrong,partial,wrong,partial,all_wrong,牛变远处长颈鹿；岩石雪山变草原丘陵
F052,C,wrong,wrong,wrong,wrong,all_wrong,只剩天空云层；牛及雪山地面缺失
F053,A,correct,wrong,wrong,wrong,B,草地吃东西的三儿童变雪地两儿童；餐盘缺失
F053,B,correct,partial,correct,partial,B,草地围食物合照对应；三儿童变两成人两儿童且增加圆桌
F053,C,correct,wrong,partial,partial,B,三人合照保留；变成人与两儿童且食物草地坐姿缺失
F054,A,partial,wrong,wrong,partial,all_wrong,雪靴旁双滑雪板变运动鞋踩木质器具；雪地消失
F054,B,wrong,wrong,wrong,wrong,all_wrong,俯视雪靴滑雪板变马桶近景
F055,A,wrong,partial,partial,wrong,all_wrong,河岸两只大象变斑马等多只动物；棕榈树林缺失
F056,A,correct,correct,partial,partial,A,持拍发球姿态对应；夜间灯光球场变白天观众赛场
F056,B,partial,wrong,wrong,wrong,A,网球场发球变海边风筝和水上运动
F056,C,partial,partial,partial,partial,A,举臂运动人物保留但上方物呈圆环；夜间网球场变白天草场
F057,A,correct,correct,correct,partial,A,单马桶保留；黄便器变白色且左水池窗户缺失
F057,B,correct,partial,correct,wrong,A,单马桶变并列大小两只；水池被挤掉且增加玩偶
F058,A,partial,wrong,wrong,partial,all_wrong,骑马者变双杖滑雪者；草地马匹缺失
F058,B,partial,wrong,wrong,partial,all_wrong,骑马变持大板跑动；草地跑道变硬地球场
F059,A,partial,wrong,partial,wrong,all_wrong,工厂戴发网两人交谈变家庭厨房看蛋糕电脑
F059,B,partial,wrong,partial,wrong,all_wrong,工业厨房人员变食物制作与电脑拼贴；站立交谈关系缺失
F059,C,partial,wrong,wrong,wrong,all_wrong,两名戴发网人员变餐桌单人电脑；工业设备消失
F060,A,partial,wrong,correct,partial,all_wrong,长面包夹通心粉薯条变炸物米粒与蔬菜；蘸料杯缺失
F060,B,partial,wrong,correct,partial,all_wrong,热狗形长面包和薯条变一碗米饭蔬菜
F060,C,partial,partial,correct,partial,all_wrong,面包配菜尚在但变开放奶酪蔬菜片；缺原通心粉长面包和薯条
F061,A,correct,correct,partial,correct,A,卧猫头朝镜头对应；黑猫变虎斑且绿色织物变白床单
F061,B,correct,partial,partial,partial,A,卧猫变抬头伸单爪；黑毛及绿色织物消失
F062,A,partial,wrong,wrong,wrong,all_wrong,棒球投手变两名网球选手；投掷手套动作缺失
F062,B,partial,wrong,wrong,partial,all_wrong,红衣棒球投球者变网球挥拍者；沙土投手丘缺失
F062,C,partial,wrong,partial,partial,all_wrong,跨步运动姿态相近但手套棒球变球拍；背景变观众网球场
F063,A,correct,partial,correct,partial,A,杂乱电脑桌对应；线缆纸张减少且增加两台打开的电脑和花瓶
F063,B,partial,partial,partial,partial,A,杂物台面保留但电脑和插座线缆变书药瓶与医疗物品
F063,C,wrong,wrong,partial,partial,A,办公线缆电脑桌变餐具药瓶桌面
F064,A,partial,wrong,partial,partial,all_wrong,生披萨面团变夹蔬菜三明治；增加手和切块配料
F064,B,wrong,wrong,partial,partial,all_wrong,撒奶酪面饼变砧板绿叶菜与手；圆面团缺失
F064,C,wrong,wrong,partial,wrong,all_wrong,生披萨变盘中叶菜与两块涂酱面包
F065,A,wrong,wrong,wrong,wrong,all_wrong,滑雪场器材架变机场飞机及围栏
F065,B,partial,wrong,correct,wrong,all_wrong,雪坡保留但前景滑雪板架和缆车站缺失；改大量路锥
F066,A,correct,partial,correct,partial,A,厨房白柜冰箱对应；柜顶锅和开放碗架缺失且取景更宽
F066,B,wrong,wrong,wrong,partial,A,厨房吊柜和锅具变卫生间洗手台镜子
F067,A,correct,partial,correct,partial,A,水面船与岸边树林对应；一排系泊船变中央单船
F067,B,correct,partial,partial,wrong,A,多艘岸边船变远处单帆船；河岸斜线布局缺失
F067,C,wrong,wrong,partial,wrong,A,河岸泊船变开阔水面风筝冲浪
F068,A,wrong,wrong,wrong,wrong,all_wrong,旧店门面自行车变室内浴室
F068,B,wrong,wrong,wrong,wrong,all_wrong,斑驳店门窗和自行车变白柜厨房
F068,C,wrong,wrong,wrong,wrong,all_wrong,街边店铺变整洁厨房；门外桌椅自行车消失
F069,A,wrong,partial,partial,wrong,all_wrong,林中单只大象变草坡两头牛；高草树干缺失
F069,B,wrong,partial,partial,correct,all_wrong,大象变小型黑色羊状动物；树林下草丛变修整草坡
F069,C,wrong,partial,partial,partial,all_wrong,大象变近处黑牛；密林灌木消失
F070,A,wrong,wrong,wrong,wrong,all_wrong,土路旁山羊变远处城市道路和大片天空
F070,B,wrong,wrong,wrong,wrong,all_wrong,土坡山羊变公交街景与风筝；动物缺失
F070,C,partial,partial,wrong,wrong,all_wrong,路旁多只山羊变街心单只深色有蹄动物；乡间土路变市区
F071,A,correct,partial,correct,partial,B,浴室水池镜子保留；长双盆台变圆盆并增加淋浴马桶
F071,B,correct,correct,correct,partial,B,镜下洗手柜关系对应；双盆长台变单盆木柜且增加窗户
F072,A,partial,wrong,partial,partial,all_wrong,双手举网球拍变低持棒球手套；暗围网变草地
F072,B,partial,wrong,partial,wrong,all_wrong,网球准备击打变举棒球；左下多出人物
F073,A,partial,wrong,wrong,partial,all_wrong,湿街行人持伞变雪道持杖者；近处右手雨伞缺失
F073,B,partial,wrong,wrong,partial,all_wrong,城市行人变雪场滑雪者；雨伞与车行道消失
F073,C,partial,wrong,wrong,partial,all_wrong,撑握收伞行人变雪地牵手步行者；城市背景缺失
F074,A,correct,partial,partial,partial,A,猫卧姿保留；网袋内黑白虎斑猫变蓝垫上棕猫且朝向反转
F074,B,wrong,wrong,wrong,wrong,A,网袋内单猫变水中两只犬状动物
F075,A,partial,wrong,partial,partial,all_wrong,水中长腿大嘴鸟变枝上短腿小鸟；涉水站立缺失
F075,B,partial,wrong,partial,partial,all_wrong,长腿涉水鸟变展翅短腿鸟；水面缺失
F075,C,partial,wrong,partial,partial,all_wrong,水中站鸟变石边飞起的短腿鸟；大嘴与长腿消失
F076,A,wrong,wrong,partial,wrong,all_wrong,披萨啤酒和画架变电脑与调料瓶
F076,B,wrong,wrong,wrong,wrong,all_wrong,画架前披萨桌变卫生间洗手台马桶
F077,A,correct,correct,correct,partial,A,飞行客机仰视对应；机头方向反转且机腹斜向构图减弱
F077,B,correct,correct,correct,partial,A,空中客机对应；改侧面放轮且机头朝左
F077,C,partial,correct,correct,partial,A,喷气客机变螺旋桨飞机；仰视机腹变横向侧面
F078,A,correct,partial,partial,partial,A,蜷卧猫保留；橘猫条纹椅变黑白猫卧在白垫木椅
F078,B,correct,wrong,wrong,partial,A,椅上蜷卧橘猫变洗手池边坐立黑白猫
F079,A,partial,wrong,partial,wrong,all_wrong,烘焙原料和搅拌器变餐桌面包沙拉与文件
F079,B,partial,wrong,partial,wrong,all_wrong,香蕉面粉黄油与搅拌碗变水果碗和夹馅面包
F079,C,partial,wrong,partial,wrong,all_wrong,烘焙配料摆台变熟菜饮料餐桌；打蛋器香蕉缺失
F080,A,correct,partial,correct,partial,A,海浪冲浪保留；一个浪上主角变三名近处冲浪者
F080,B,correct,partial,correct,partial,A,冲浪者仍在海上；大浪卷曲动作变小浪站立且人群减少
F081,A,wrong,partial,partial,wrong,all_wrong,单只长颈鹿变两匹斑马；旱地树丛变绿草地
F081,B,wrong,wrong,wrong,wrong,all_wrong,长颈鹿与灌木变建筑及高塔
F082,A,partial,wrong,partial,wrong,all_wrong,持相机展示彩带变双手持香蕉；相机胸前带缺失
F082,B,partial,wrong,partial,partial,all_wrong,自拍相机与彩带变男子举香蕉状物操作
F083,A,wrong,wrong,wrong,wrong,all_wrong,围栏内羊变车窗边人抱小熊状动物
F083,B,wrong,wrong,wrong,wrong,all_wrong,羊与饲槽铁丝网变街边店铺桌椅人群
F083,C,wrong,wrong,wrong,wrong,all_wrong,草地围栏羊变建筑窗边人物和墙面文字
F084,A,correct,partial,partial,partial,A,轨道车辆保留；站棚下红车变街面黄车正面且钟表显示牌缺失
F084,B,partial,wrong,wrong,partial,A,站台列车变道路双层公交；站钟和列车侧面消失
F085,A,correct,correct,partial,partial,A;B,手持夹馅面包对应；炸馅变切片肉且纸托蘸料布局改变
F085,B,correct,correct,partial,partial,A;B,手托长面包对应；炸物变肉片奶酪且纸盒变小盘
F085,C,correct,correct,wrong,partial,A;B,手持夹肉面包保留；馅料不同且背景变马桶
F086,A,partial,wrong,partial,partial,all_wrong,摊前咬甜甜圈变男子手持细物靠下巴；另手出现球拍
F086,B,partial,wrong,partial,partial,all_wrong,咬环形点心变持白色细物贴嘴；帽子红外套与摊位缺失
F087,A,partial,wrong,correct,partial,all_wrong,餐桌旁打电话变拿勺靠嘴；手机耳边关系消失
F087,B,partial,wrong,partial,partial,all_wrong,手机贴耳变双手握小物在胸前；具体小物难辨
F087,C,partial,wrong,partial,wrong,all_wrong,打电话变把白色物送入口中；新增右前景人物
F088,A,correct,correct,partial,correct,A,户外衬衫领带男子半身对应；吊带胡须缺失且花树变活动场地
F088,B,correct,correct,partial,correct,A,领带男子正面对应；增加西装眼镜且缺吊带与近处花树
F088,C,correct,correct,partial,correct,A,户外男子保留；衬衫吊带变红外套且背景变停车草场
F089,A,partial,partial,wrong,partial,all_wrong,举臂向上动作相似但球拍缺失且多个空中物；室内球馆变户外
F089,B,partial,wrong,wrong,wrong,all_wrong,室内挥拍击球变天空下抛飞盘；仅下缘局部人物
F090,A,partial,wrong,partial,wrong,all_wrong,飞盘高尔夫链篮变蓝柱；人物被裁且飞盘缺失
F090,B,partial,wrong,partial,partial,all_wrong,链篮变蓝色柱且飞盘变黄球；林间投盘关系消失
F090,C,partial,partial,partial,wrong,all_wrong,人物与红飞盘保留；链篮目标缺失并混入网球
F091,A,wrong,wrong,wrong,wrong,all_wrong,河边列车变空中飞机
F091,B,wrong,wrong,wrong,wrong,all_wrong,铁路电车与河堤变飞行客机
F091,C,wrong,wrong,wrong,wrong,all_wrong,地面列车变单只天空风筝
F092,A,partial,wrong,partial,wrong,B,破旧马桶隔间变带床和水池房间；主体马桶缺失
F092,B,correct,correct,correct,partial,B,旧浴室单马桶对应；裸管破墙布局改变且增加右侧洁具
F092,C,correct,partial,partial,partial,B,马桶变远处小物且洗手台主导；脏破隔间变整洁浴室
F093,A,partial,wrong,wrong,partial,all_wrong,水面鸟变草地鸟；水中倒影和中央位置丢失
F093,B,wrong,wrong,wrong,partial,all_wrong,水面鸟变草地低头有蹄动物
F094,A,correct,partial,correct,partial,C,马桶保留但变侧面合盖；木座圈与水箱上两卷纸缺失
F094,B,partial,wrong,correct,partial,C,木圈马桶变壁挂小便池状洁具；两卷纸缺失
F094,C,correct,partial,correct,correct,C,正面开盖马桶对应；木座圈变白色且两卷纸改侧壁单卷
F095,A,correct,partial,correct,partial,A,持拍击球对应；腾空收拍变分腿落地低挥拍
F095,B,correct,partial,correct,partial,A,球场持拍者保留；跳起挥拍变静态准备姿势
F096,A,wrong,wrong,wrong,wrong,all_wrong,窗前橘猫变树间长颈鹿；桌瓶缺失
F096,B,wrong,wrong,wrong,wrong,all_wrong,室内单猫变草地两只熊状动物与远处动物
F096,C,wrong,wrong,wrong,wrong,all_wrong,桌上橘猫变户外两只犬熊状动物
F097,A,correct,partial,wrong,partial,A,单板腾空对应；城市栏杆障碍与观众变树林雪坡
F097,B,correct,partial,wrong,partial,A,单板运动保留但沿栏杆动作变雪坡侧滑；城市建筑缺失
F098,A,wrong,wrong,partial,wrong,all_wrong,树上成串香蕉变绿化旁消防栓
F098,B,wrong,wrong,partial,wrong,all_wrong,香蕉串变电线杆及红色悬挂物
F099,A,correct,partial,wrong,partial,B,黄色机车变室内陈列流线列车；露天轨道电网缺失
F099,B,correct,correct,correct,partial,B,露天电线下黄头列车对应；车头朝向和车身车型不同
F099,C,correct,correct,correct,partial,B,轨道列车保留；黄绿机车变蓝色客车且方向反转
F100,A,wrong,wrong,wrong,wrong,all_wrong,叼飞盘狗变公路公交车与人物
F100,B,correct,partial,wrong,partial,all_wrong,狗跃起保留但嘴中飞盘缺失；草场变桥下道路
F100,C,wrong,wrong,wrong,wrong,all_wrong,草地叼盘狗变路上飞机
F101,A,partial,wrong,wrong,wrong,B,狭街行人小车变棚下公交站；斑马线横穿关系缺失
F101,B,correct,partial,correct,partial,B,建筑间街道行人自行车对应；前景横穿人物和停放汽车消失
F102,A,wrong,partial,partial,partial,all_wrong,北极熊咬袋玩球变穿衣狗趴板；黄绿球缺失
F102,B,wrong,partial,partial,partial,all_wrong,北极熊变救生衣狗咬细长物；水中两球缺失
F102,C,wrong,partial,correct,partial,all_wrong,白熊变黑狗与彩色圆浮具；咬灰袋和两球关系不同
F103,A,wrong,wrong,wrong,wrong,all_wrong,铁床卧室变浴缸马桶洗手柜
F103,B,wrong,wrong,wrong,wrong,all_wrong,床和床边电脑变两处浴缸设施
F104,A,partial,partial,wrong,partial,all_wrong,红色冰原巴士变蓝黄色小型车；登车阶梯与雪地缺失
F104,B,partial,wrong,wrong,partial,all_wrong,冰原高轮车辆变普通城市公交；登车游客消失
F105,A,wrong,wrong,partial,partial,all_wrong,咖啡配蛋糕浆果变夹肉面包与果汁
F105,B,wrong,wrong,partial,partial,all_wrong,蛋糕奶泡咖啡变肉三明治与琥珀饮料
F105,C,wrong,wrong,partial,partial,all_wrong,甜点咖啡变长面包肉奶酪与沙拉；莓果缺失
F106,A,correct,partial,wrong,partial,A,空中风筝保留；海滩水上运动变草场单人放普通风筝
F106,B,correct,partial,wrong,partial,A,牵引风筝保留；海滩变山地两人放飞且增加风筝
F106,C,correct,partial,wrong,partial,A,天空风筝保留但变多只长尾风筝；海滩水面变山地
F107,A,partial,uncertain,uncertain,partial,all_wrong,红条纹颈巾变彩色布料和圆扣状物；人物及佩戴关系无法确认
F107,B,wrong,wrong,wrong,wrong,all_wrong,人物颈巾近景变花朵装饰瓶和蓝袋
F108,A,wrong,wrong,wrong,partial,all_wrong,撑伞男子变户外猫犬混合状动物；伞与领带缺失
F108,B,correct,wrong,partial,partial,all_wrong,伞下男子变晴天街上女子；伞及持伞动作缺失
F108,C,wrong,wrong,wrong,partial,all_wrong,伞下男子变人行道黑棕狗
F109,A,correct,wrong,partial,partial,B,水边客机保留但侧面停跑道变正面低空飞行
F109,B,correct,partial,partial,correct,B,客机朝左侧面对应；地面滑行变远处空中飞行且跑道缺失
F109,C,correct,wrong,partial,partial,B,水边客机变正面迎来飞行；原侧面跑道布局消失
F110,A,partial,partial,wrong,wrong,all_wrong,夜间女子操作石台屏幕变白天车旁笔记本；主体人物被裁
F110,B,partial,partial,wrong,partial,all_wrong,手操作屏幕相近；石台终端变车窗处电脑且夜景消失
F110,C,partial,wrong,wrong,wrong,all_wrong,石台操作人物缺失；变露天桌上笔记本和红杯
F111,A,correct,correct,partial,partial,A,两只长颈鹿前后重叠对应；近处朝向变化且横树枝缺失
F111,B,correct,partial,partial,partial,A,两长颈鹿保留但多出斑马；头部截断且身体布局不同
F112,A,wrong,wrong,partial,partial,all_wrong,门后自行车与挂袋变窄室椅子窗帘；自行车缺失
F112,B,wrong,wrong,partial,wrong,all_wrong,门口自行车变窗边洗手桌与墙上设备
F113,A,partial,partial,correct,wrong,A,小浴室马桶保留；浴缸花帘和水池缺失
F113,B,partial,wrong,correct,wrong,A,浴室改两只马桶；浴缸和左水池缺失
F113,C,partial,partial,correct,wrong,A,卫生间单马桶保留但无浴缸蓝帘；俯视布局改变
F114,A,wrong,partial,correct,partial,all_wrong,俯视快递货车变街面公交；STOP路牌缺失
F114,B,wrong,partial,correct,partial,all_wrong,货车变迎面公交；高机位路口和停车标志消失
F114,C,wrong,wrong,wrong,wrong,all_wrong,快递卡车与路口变机场客机
F115,A,correct,partial,uncertain,partial,A,手持手机对应但单手持机变双手触屏近景；胸牌缺失且背景不足判场景
F116,A,uncertain,wrong,partial,wrong,all_wrong,模糊枝后棕色动物类别难辨；成鹅幼鸟队列和近景桌柱均缺失
F117,A,partial,wrong,wrong,partial,B,摩托车骑手变双板滑雪者；草垛赛道缺失
F117,B,correct,correct,partial,correct,B,红白摩托向右骑行对应；草垛观众变城市栏杆且车身型号不同
F117,C,correct,partial,partial,correct,B,红摩托及骑姿对应；头盔变帽子且赛道变街道
F118,A,correct,partial,partial,partial,A,室内侧身男子及另一人保留；后方坐姿变站姿且厨房背景缺失
F118,B,correct,wrong,partial,partial,A,男子面向前方持物变男女近距离看手中物；后方坐着的人缺失
F118,C,correct,wrong,partial,partial,A,人物站立变女性替男子整理领带；原持物关系和厨房缺失
F119,A,correct,partial,correct,partial,B,小转角厨房对应；炉灶水池左右互换且浅柜变木柜
F119,B,correct,correct,correct,partial,B,左灶右池转角关系接近；柜色变化并增加右窗
F119,C,correct,partial,correct,partial,B,白柜炉灶水池对应；转角布局变直线并增加左冰箱绿墙
F120,A,wrong,wrong,wrong,wrong,all_wrong,蒸汽机车正面变机场飞机侧面
F120,B,wrong,wrong,wrong,wrong,all_wrong,火车与铁轨变停机坪多架飞机
F120,C,wrong,wrong,wrong,wrong,all_wrong,老式蒸汽机车变喷气飞机；轨道前景缺失
F121,A,wrong,wrong,wrong,wrong,all_wrong,蓝墙厨房岛台变浴缸马桶洗手柜
F121,B,partial,wrong,wrong,wrong,all_wrong,厨房炉灶和岛台缺失；窗下双池柜旁多出马桶
F121,C,wrong,wrong,wrong,wrong,all_wrong,转角厨房变狭小卫生间；抽油烟机灶台缺失
F122,A,partial,partial,wrong,partial,all_wrong,栏杆滑板变雪坡单板转弯；轮子和金属栏杆缺失
F122,B,partial,partial,wrong,partial,all_wrong,滑板沿杆变雪地跃板；硬地设施与树旁栏杆消失
F122,C,partial,partial,wrong,partial,all_wrong,滑板杆上平衡变高空单板抓板；场地变雪场
F123,A,correct,partial,partial,partial,A,三人室内吃东西保留；各自持香蕉变一人喂另一人且水果不明
F123,B,correct,partial,partial,partial,A,室内进食互动保留；三人变两人且香蕉变红色弯曲食物
F123,C,partial,wrong,partial,partial,A,吃香蕉交谈变一人持小设备靠嘴与旁人观看；第三人缺失
F124,A,correct,partial,correct,partial,B,海中人与板保留；大浪上站滑变低伏小浪且增加左侧人
F124,B,correct,partial,correct,partial,B,单人海上站板对应；高卷浪变平缓小浪且主体变小
F125,A,wrong,wrong,wrong,partial,B,花田前列车变水边机场飞机
F125,B,correct,correct,partial,partial,B,列车横向行进对应；黄色花田和风机缺失且车头朝向反转
F126,A,partial,wrong,partial,partial,B,抛球持拍发球变空手张臂；网球球拍缺失
F126,B,correct,partial,correct,partial,B,人物举拍对应；向上发球变向前挥拍且球不明显
F126,C,partial,partial,correct,partial,B,网球在空中但球拍未形成；举臂发球变胸前双臂动作
F127,A,partial,wrong,partial,partial,all_wrong,马桶内塑料瓶变闭合盖面文字；水和瓶子缺失
F127,B,uncertain,wrong,uncertain,partial,all_wrong,圆形开口内物体形态无法确定；不见原塑料瓶及瓷砖马桶环境
F128,A,wrong,wrong,partial,wrong,all_wrong,桥上大象长队变水边观光车；大象及车辆队列缺失
F128,B,wrong,wrong,partial,wrong,all_wrong,河边大象游行变海边游乐车辆和船
F129,A,correct,correct,correct,partial,A,海面多只牵引风筝对应；近处冲浪者变很小且浪变平
F129,B,partial,partial,partial,wrong,A,海上风筝保留两只；前景增加岸上羊群且冲浪者缺失
F129,C,partial,partial,partial,wrong,A,远处海上风筝保留；岸边牛羊占主要前景且冲浪者缺失
F130,A,wrong,partial,partial,partial,all_wrong,两斑马横穿土路变单个模糊小动物过柏油路
F130,B,wrong,partial,partial,wrong,all_wrong,两匹斑马变多只羊；干土路变灰色道路与绿草坡
F130,C,wrong,partial,wrong,wrong,all_wrong,斑马过土路变雪道黑羊状动物；远处增加人群
F131,A,partial,partial,partial,wrong,A,餐桌多盘食物仍有面包杯碗；丰盛共享餐变少量食物且人物缺失
F131,B,wrong,wrong,wrong,wrong,A,多人早餐桌变三箱整齐水果
F131,C,partial,wrong,wrong,wrong,A,餐盘共享餐变售卖糕点香蕉陈列架
F132,A,correct,partial,correct,partial,A,棒球场两球员及看台对应；捕手击球手对位变两人并立且多前景人物
F132,B,partial,wrong,partial,wrong,A,捕手击球手变场边站立人群；本垒关系缺失
F132,C,partial,wrong,correct,partial,A,球场球员与观众保留；捕手变蹲地摄影者且击球关系缺失
F133,A,partial,partial,wrong,partial,all_wrong,手持烤香肠长面包变圆贝果；香肠纸垫和户外地面缺失
F133,B,partial,partial,wrong,partial,all_wrong,热狗变掰开的圆形葡萄干面包；香肠缺失
F133,C,partial,partial,wrong,partial,all_wrong,香肠长面包变涂奶油圆贝果；户外纸垫变室内盘
F134,A,correct,correct,wrong,partial,B,多风筝天空保留；绿草地变雪地且大章鱼形风筝缺失
F134,B,correct,correct,partial,partial,B,多人草地放风筝对应；宽阔绿场变干草山坡且风筝形态不同
F135,A,wrong,partial,partial,wrong,all_wrong,树旁斑马群变三只象牛混合状动物；草地增加水塘
F135,B,wrong,partial,partial,wrong,all_wrong,斑马群变数头牛；俯视聚集布局变近侧面
F135,C,wrong,partial,partial,partial,all_wrong,斑马群变象群；绿色草坡变黄色旱草
F136,A,correct,correct,correct,partial,C,红衣举拍发球对应；棕榈建筑变观众草场且主体更大
F136,B,correct,correct,correct,partial,C,跳起挥拍对应；红衣变白衣且增加近场其他球员
F136,C,correct,correct,correct,correct,C,红衣腾空举拍与低处球对应；棕榈建筑背景改变
F137,A,partial,partial,partial,partial,all_wrong,交通灯保留但夜间红手灯与ONE WAY牌缺失；变白天侧面信号灯
F137,B,partial,wrong,partial,partial,all_wrong,行人红手信号和单行牌变黑色STOP大牌；夜色消失
F138,A,partial,wrong,partial,wrong,all_wrong,田野中央STOP牌缺失；变道路纵深与远处细杆
F138,B,wrong,wrong,wrong,wrong,all_wrong,田野停车牌变海岸水面与远处风筝
F139,A,partial,wrong,partial,wrong,all_wrong,镜中多人吃饭变沙发人物看电视；餐盘餐桌镜面框缺失
F139,B,partial,wrong,partial,wrong,all_wrong,餐桌多人用餐变电脑桌与侧边单人；反射关系缺失
F140,A,partial,wrong,partial,wrong,all_wrong,训鹰者托飞鸟变多人玩黄色长条玩具；猛禽缺失
F140,B,partial,wrong,partial,wrong,all_wrong,手套托鸟变街边人物头顶绿盘并持玩具；木栏植被缺失
F140,C,partial,wrong,partial,wrong,all_wrong,鹰飞离手套变两人玩球；主鸟完全缺失
F141,A,partial,correct,correct,partial,B,公交车保留但双层绿车变单层红车；朝向反转
F141,B,correct,correct,partial,correct,B,双层公交近景对应；绿色变黄色并增加后方蓝车
F141,C,partial,correct,correct,partial,B,双层绿车变紫白单层公交；停车场背景变楼房道路
F142,A,correct,partial,partial,partial,A,人物手持圆面包保留；男子咬食变女子双手展示且键盘缺失
F142,B,correct,partial,wrong,partial,A,手持咬过面包对应；男子正在咬变女子侧看且办公室变室外
F143,A,wrong,partial,partial,partial,all_wrong,木椅下狗脸变白框旁猫脸；格纹坐垫缺失
F143,B,wrong,partial,partial,partial,all_wrong,椅内狗变灰猫窗框近景；木椅与绿格布消失
F143,C,wrong,partial,partial,partial,all_wrong,椅下狗变白框后橘猫；原头部近景布局减弱
F144,A,wrong,wrong,partial,partial,all_wrong,后视镜中狗脸变窗边黑白猫；镜面反射关系缺失
F144,B,wrong,partial,correct,partial,all_wrong,车内狗脸变黑白猫；横向后视镜构图变侧窗框
F144,C,wrong,wrong,wrong,wrong,all_wrong,后视镜狗脸变窗前背向猫；脸部反射与车内场景消失
F145,A,correct,correct,correct,correct,A,双人床左窗床头灯对应；红白床品变绿色且顶幔缺失
F145,B,wrong,wrong,wrong,wrong,A,带顶幔卧床变洗手台镜柜
F146,A,correct,partial,correct,partial,B,披萨保留；长方半边分料变圆形放射铺料且托盘变盘
F146,B,correct,correct,correct,partial,B,两半不同配料的披萨关系对应；长方形变圆形且配料不同
F146,C,wrong,wrong,partial,partial,B,长方披萨变蓝盘上两半夹肉面包
F147,A,partial,wrong,partial,partial,all_wrong,棒球制服持棒姿态变运动装持小物靠嘴；球棒缺失
F147,B,partial,wrong,partial,partial,all_wrong,挥棒准备变持球拍垂手站立；球服帽子和球棒缺失
F147,C,partial,wrong,partial,partial,all_wrong,棒球持棒者变室内持游戏器具人物；陈列栏杆和旗帜缺失
F148,A,partial,partial,correct,partial,B,街上公交保留但变双层并多出白货车；原车侧面与站楼缺失
F148,B,correct,correct,correct,correct,B,单层公交横向侧面对应；车色广告变化且上方地铁建筑缺失
F148,C,correct,correct,correct,partial,B,城市公交对应；侧面车身变斜前视无轨电车且雨雪路面消失
F149,A,wrong,wrong,partial,wrong,all_wrong,咖啡牛角包与书变台面电脑电话；食品缺失
F149,B,partial,wrong,partial,wrong,all_wrong,牛角包咖啡变方形蛋糕香蕉与电饭煲；书本窗边关系缺失
F149,C,partial,wrong,partial,partial,all_wrong,杯子仍在但牛角包和书变香蕉笔记本；咖啡馆窗边变厨房
F150,A,wrong,wrong,correct,partial,B,厨房披萨变烤盘上整齐番茄状蔬果
F150,B,correct,correct,correct,partial,B,蔬菜披萨对应；纸板上单张俯视变金属盘低角度近景
F150,C,wrong,wrong,correct,wrong,B,披萨变两碗青色水果；圆饼及纸板缺失
F151,A,correct,partial,partial,partial,A,猫坐姿保留；白身花猫变虎斑白胸且软垫变电脑桌
F151,B,correct,partial,wrong,partial,A,猫变深色卧姿在户外桌面；粉垫及靠枕缺失
F152,A,correct,correct,correct,correct,A,窗台坐猫对应；黑白猫变深灰猫且外看窗内变室内近景
F152,B,correct,partial,wrong,partial,A,窗台坐猫变床上黑猫；窗框百叶缺失
F152,C,correct,partial,partial,partial,A,框内猫保留但像挂画或屏幕；窗台坐姿及百叶不见
F153,A,partial,wrong,partial,partial,all_wrong,刷牙男子变拿黑色设备并舔白物；牙刷横向刷牙关系缺失
F153,B,correct,wrong,partial,partial,all_wrong,手中细杆似牙刷但远离嘴；刷牙变伸臂微笑动作
F154,A,wrong,partial,wrong,partial,all_wrong,雾中羊变两只象状动物相对站立；雾气与羊毛缺失
F154,B,partial,partial,partial,wrong,all_wrong,羊状群体保留部分但形态混合；近处少量羊变满坡多只且无雾
F154,C,wrong,partial,wrong,wrong,all_wrong,雾中羊群变晴天密集牛群
F155,A,correct,correct,partial,wrong,A,长颈鹿站立对应；一只变两只且石墙变铁栏草地
F155,B,correct,partial,partial,wrong,A,单鹿全身变两只头颈近景；石墙与腿部缺失
F155,C,correct,partial,partial,wrong,A,单只长颈鹿变两只颈部交叠；石墙地面变草坪
F156,A,correct,partial,partial,partial,A,两人备食互动保留；前景弯腰切食物变直立操作甜点且木墙缺失
F156,B,partial,partial,partial,wrong,A,多人厨房操作变单人站锅旁；观察者与弯腰动作缺失
F156,C,partial,partial,partial,partial,A,厨房切食物动作相近；多人变单人主导且原木屋和观察关系消失
F157,A,correct,wrong,partial,wrong,B;C,两鹿交颈变单鹿低头；互动对象缺失
F157,B,correct,partial,partial,correct,B;C,两长颈鹿并立对应；颈部接触扭转变平行朝右
F157,C,correct,partial,partial,partial,B;C,两鹿头颈靠近保留；其中一只体型缩小且头部截断
F158,A,partial,partial,correct,partial,B,浴室马桶保留；左水池及双窗缺失且灰墙变淋浴隔板
F158,B,correct,partial,correct,partial,B,左水池右马桶及窗对应；增加右浴缸且双窗变单窗
F158,C,partial,partial,correct,partial,B,浴室窗和马桶保留；水池缺失且马桶移左并新增右浴缸
F159,A,partial,wrong,wrong,partial,all_wrong,雪场地图前持杖人物变室内书架旁坐着的人
F160,A,wrong,wrong,partial,wrong,all_wrong,粥饼水果早餐变西兰花和橙色瓶状物；多盘共享布局缺失
F160,B,partial,wrong,partial,wrong,all_wrong,中式粥饼早餐变纸盒热狗薯块；粥碗筷子缺失
F160,C,partial,wrong,partial,wrong,all_wrong,多盘粥饼变单份夹肉面包和牛奶；水果盘与筷子消失
