label,split,image_id,donor_id,correct_clip,correct_pixcorr,correct_ssim,wrong_clip,wrong_pixcorr,wrong_ssim,advantage_clip
B0,train,16584,40682,0.5512536764144897,-0.008600101559762856,0.08096723233331976,0.5098287463188171,0.1870204602303405,0.10211373397058496,0.04142493009567261
B0,train,40682,38942,0.7784488797187805,0.5999345559222491,0.4450178989151924,0.450112909078598,0.010068851416752853,0.41698184367767577,0.3283359706401825
B0,train,38942,4905,0.6975971460342407,0.10812880597088934,0.3786414087118707,0.5585033297538757,0.06441133693680716,0.32637131292143007,0.139093816280365
B0,train,4905,17344,0.679763913154602,0.01870305255613926,0.2496870301143948,0.4588572829961777,0.03537554764557157,0.36561465084203104,0.22090663015842438
B0,train,17344,32725,0.6138971149921417,0.08095188866192132,0.19026108196698527,0.5026115775108337,0.004525990460409596,0.10793050226351741,0.11128553748130798
B0,train,32725,28449,0.8214458227157593,0.38510412646619013,0.1596023123672754,0.5934845209121704,0.05210883848687974,0.19026342118763925,0.22796130180358887
B0,train,28449,4723,0.5779784619808197,-0.28668158500443364,0.45163496367782696,0.49858301877975464,-0.10990862341629097,0.3295325034573049,0.07939544320106506
B0,train,4723,70126,0.5638413429260254,0.038854613640449766,0.30282297512928497,0.5130893588066101,0.01199779052214488,0.36584977788366596,0.05075198411941528
B0,train,70126,26393,0.6309094727039337,-0.053194205710816865,0.28760815122750727,0.475827619433403,-0.11633614990631838,0.30979605909868346,0.1550818532705307
B0,train,26393,33748,0.7323204576969147,-0.009176526216687724,0.5516975482846878,0.5488744080066681,0.2716144444365113,0.38126082663555777,0.18344604969024658
B0,train,33748,57293,0.9031434953212738,0.54377637738184,0.3039860873058653,0.5315552055835724,0.11485033839119069,0.19829862098919349,0.3715882897377014
B0,train,57293,20217,0.7488582134246826,0.06371980143011259,0.21610577295988753,0.5645051598548889,-0.21055576199554255,0.2106193209902095,0.1843530535697937
B0,train,20217,15879,0.6948647499084473,0.07143575005866287,0.2771235601713285,0.6098737120628357,0.06305534293956962,0.3015472225118515,0.08499103784561157
B0,train,15879,69036,0.6882832646369934,0.11352607003715978,0.19850906052152956,0.49943365156650543,0.19804442745827583,0.1631392030454242,0.18884961307048798
B0,train,69036,3625,0.9299004971981049,0.5088744788271753,0.3390748750680412,0.5084178894758224,-0.08800129270281834,0.19469997502844025,0.4214826077222824
B0,train,3625,23696,0.7542043626308441,-0.09358195212786599,0.1716509499883404,0.5368470847606659,-0.15331396975600584,0.2717486853879738,0.21735727787017822
B0,train,23696,44010,0.565497636795044,-0.08975683981512234,0.5614767266536252,0.5332323014736176,-0.04781045713219803,0.46327566271621523,0.03226533532142639
B0,train,44010,21652,0.8156557083129883,0.1093850335450609,0.37798017064194683,0.6423686742782593,0.10256452075225406,0.3176868346379481,0.173287034034729
B0,train,21652,6970,0.7535888850688934,0.1897272013012761,0.28366996654753884,0.5942753851413727,0.11594335377684595,0.3103249294673485,0.15931349992752075
B0,train,6970,35190,0.6538185179233551,-0.2970046157810079,0.5804661344804845,0.491726815700531,-0.14826578409414912,0.5111905810525673,0.1620917022228241
B0,train,35190,50780,0.6734086871147156,-0.004861213313526649,0.18371718970293216,0.4443754106760025,0.09116091033280234,0.1963433505573512,0.22903327643871307
B0,train,50780,45620,0.7257724404335022,0.29267775167280446,0.447521797568743,0.5066015869379044,-0.030439611476848413,0.3232787415480971,0.21917085349559784
B0,train,45620,27323,0.870244711637497,0.20743739640787046,0.32128135246661793,0.5684898197650909,-0.03191813555300673,0.3017834370996948,0.301754891872406
B0,train,27323,51581,0.6111514270305634,0.19299542684922105,0.3436033110311991,0.5821394920349121,-0.020092929062411224,0.3776131422362675,0.029011934995651245
B0,train,51581,7163,0.6250606775283813,-0.03426169490983209,0.37122655009447636,0.5000810921192169,-0.09969472228223064,0.26064643909494895,0.12497958540916443
B0,train,7163,50828,0.6958983838558197,-0.006766671777481919,0.32186671400979355,0.4419806897640228,-0.06648886714279535,0.3307308151929237,0.2539176940917969
B0,train,50828,53785,0.7662473022937775,-0.026674882055910683,0.47376256637825653,0.5389834046363831,0.0073897478785960626,0.3123274055592049,0.2272638976573944
B0,train,53785,1851,0.6059534847736359,0.09143079624823888,0.2917242086188663,0.5037825852632523,-0.25513051610447995,0.2497661673957633,0.1021708995103836
B0,train,1851,29558,0.7412087917327881,0.05121547899636186,0.27188605643101604,0.5885774791240692,0.004314939623466671,0.21748820961553905,0.15263131260871887
B0,train,29558,59471,0.6400905847549438,0.102897848388525,0.16035153313858388,0.5751587152481079,0.05419580107645081,0.19304336845099485,0.06493186950683594
B0,train,59471,59462,0.5844230055809021,0.11404346884144205,0.28251729523715685,0.4397912472486496,-0.01967910049586445,0.2801618885646648,0.1446317583322525
B0,train,59462,16584,0.7937116026878357,-0.02125566846085243,0.24713469336469537,0.5805595517158508,-0.036855078580697295,0.15016633882476582,0.21315205097198486
H1000,train,16584,40682,0.5995253026485443,-0.009614843061574244,0.08273707688199938,,,,
H1000,train,40682,38942,0.7747868299484253,0.5637623442028453,0.43837961703192924,,,,
H1000,train,38942,4905,0.6926552057266235,0.10327121473334257,0.38959383276584114,,,,
H1000,train,4905,17344,0.5765942633152008,0.04209395451453093,0.2878455203869551,,,,
H1000,train,17344,32725,0.6182055175304413,0.10237011584423418,0.1915272883396298,,,,
H1000,train,32725,28449,0.8155134320259094,0.2975310302581521,0.16898143336873334,,,,
H1000,train,28449,4723,0.5732030272483826,-0.1349187764223911,0.44615711334947705,,,,
H1000,train,4723,70126,0.5556905269622803,0.03926895948949691,0.2874838903310393,,,,
H1000,train,70126,26393,0.6746432483196259,-0.07371735255660919,0.2748752214128582,,,,
H1000,train,26393,33748,0.7384637594223022,-0.040039078610520314,0.5204046701664753,,,,
H1000,train,33748,57293,0.8631925582885742,0.5573825099704107,0.30523105486155433,,,,
H1000,train,57293,20217,0.7549150288105011,-0.017961730964684952,0.19838027430506588,,,,
H1000,train,20217,15879,0.6599206030368805,0.06960476828128068,0.2950121003707683,,,,
H1000,train,15879,69036,0.7121220529079437,0.1645985045722525,0.2347146553928532,,,,
H1000,train,69036,3625,0.9106886684894562,0.553996408212924,0.3566560894824181,,,,
H1000,train,3625,23696,0.7312759160995483,-0.08786971392355433,0.1679769937248139,,,,
H1000,train,23696,44010,0.5872701108455658,-0.1560578508515254,0.543599288188279,,,,
H1000,train,44010,21652,0.7141269743442535,0.17915893246703984,0.3993488170256574,,,,
H1000,train,21652,6970,0.653193473815918,0.16240437859630236,0.3132079701377575,,,,
H1000,train,6970,35190,0.5629328191280365,-0.2540837797167065,0.5088892790946273,,,,
H1000,train,35190,50780,0.6378333568572998,-0.0565317787457086,0.184804927369968,,,,
H1000,train,50780,45620,0.7601352035999298,0.34720182998410254,0.4293248548399622,,,,
H1000,train,45620,27323,0.8950030505657196,0.15214078773533393,0.30048575805358807,,,,
H1000,train,27323,51581,0.652979701757431,0.11851958820443284,0.3268593314498297,,,,
H1000,train,51581,7163,0.6644856035709381,-0.0028831225529723087,0.3933532640698998,,,,
H1000,train,7163,50828,0.6340611279010773,0.012225809898968312,0.31495051985566974,,,,
H1000,train,50828,53785,0.8043549656867981,-0.03516544861968733,0.425416145230621,,,,
H1000,train,53785,1851,0.6169314980506897,0.028954484916022913,0.30071324943083455,,,,
H1000,train,1851,29558,0.8064292371273041,0.07181357459015518,0.26999711411428123,,,,
H1000,train,29558,59471,0.6525288820266724,0.1760213656091232,0.2024240095140198,,,,
H1000,train,59471,59462,0.6609379649162292,0.225172562858815,0.306365094502847,,,,
H1000,train,59462,16584,0.7817472815513611,-0.021445794154288378,0.2383396886950837,,,,
L1000,train,16584,40682,0.5338752120733261,-0.0052436552342265755,0.0800107117079673,,,,
L1000,train,40682,38942,0.7838624119758606,0.5996592834414692,0.44791739516082696,,,,
L1000,train,38942,4905,0.715895801782608,0.10945652057845802,0.38845605231129354,,,,
L1000,train,4905,17344,0.6386597752571106,0.03974727921366916,0.25603656232041694,,,,
L1000,train,17344,32725,0.5568351745605469,0.07575167506615783,0.18838545157591277,,,,
L1000,train,32725,28449,0.8363916575908661,0.42083319336859215,0.16303678468900754,,,,
L1000,train,28449,4723,0.5793421864509583,-0.2751893429542912,0.45420449193467793,,,,
L1000,train,4723,70126,0.5786747336387634,0.03509089805336259,0.2891335566914665,,,,
L1000,train,70126,26393,0.6350701153278351,-0.05295004399794229,0.2960924504766649,,,,
L1000,train,26393,33748,0.7266627848148346,-0.03671855452500998,0.543754784088058,,,,
L1000,train,33748,57293,0.9198183417320251,0.5495087406132283,0.30543464690457256,,,,
L1000,train,57293,20217,0.7585986852645874,0.06600368199461296,0.2203205013067254,,,,
L1000,train,20217,15879,0.6739639341831207,0.07865335104072588,0.2736940332903296,,,,
L1000,train,15879,69036,0.6364276111125946,0.11615747611524824,0.21000854135845565,,,,
L1000,train,69036,3625,0.9336118698120117,0.49798671370865405,0.33057099308564186,,,,
L1000,train,3625,23696,0.7407581508159637,-0.10584294804145492,0.16680486434263259,,,,
L1000,train,23696,44010,0.5773914158344269,-0.09413932486307067,0.5598925792944844,,,,
L1000,train,44010,21652,0.8267576098442078,0.12609799984864412,0.3828665118250346,,,,
L1000,train,21652,6970,0.712306410074234,0.18830444565933657,0.2900761016479452,,,,
L1000,train,6970,35190,0.6443601548671722,-0.30949209692215546,0.5733881857228991,,,,
L1000,train,35190,50780,0.6695907413959503,-0.03628935065758697,0.17818950580374857,,,,
L1000,train,50780,45620,0.7617531418800354,0.3590948939157971,0.4448336047522953,,,,
L1000,train,45620,27323,0.8629769086837769,0.22032198332911468,0.3302621084216544,,,,
L1000,train,27323,51581,0.6251620054244995,0.16566601769909695,0.3473508100320889,,,,
L1000,train,51581,7163,0.6499300003051758,-0.014237367170718579,0.36481082325139264,,,,
L1000,train,7163,50828,0.681424617767334,-0.015303886346766313,0.29667956189406874,,,,
L1000,train,50828,53785,0.7756816744804382,-0.027926750576910055,0.4716868558412062,,,,
L1000,train,53785,1851,0.6345935165882111,0.08928073645116096,0.28926468263244354,,,,
L1000,train,1851,29558,0.7681896388530731,0.03753284196635226,0.27686135193692074,,,,
L1000,train,29558,59471,0.6273438930511475,0.09388638105921435,0.1559690345270075,,,,
L1000,train,59471,59462,0.5611297190189362,0.11010506946036064,0.292163626176686,,,,
L1000,train,59462,16584,0.7713086903095245,-0.017136855155585884,0.22933142281965063,,,,
H2500,train,16584,40682,0.5477228760719299,0.025553336525935437,0.09172005466977612,,,,
H2500,train,40682,38942,0.780022919178009,0.5712533461025302,0.4305634921540549,,,,
H2500,train,38942,4905,0.7172207832336426,0.13018396074434674,0.40035911503304106,,,,
H2500,train,4905,17344,0.6789578795433044,0.01221148446001756,0.26827412905267833,,,,
H2500,train,17344,32725,0.5680835843086243,0.04433716733881687,0.15717133821368767,,,,
H2500,train,32725,28449,0.831808477640152,0.41446168809026485,0.16225495831236603,,,,
H2500,train,28449,4723,0.5456552505493164,-0.28790620947884793,0.4558117129538147,,,,
H2500,train,4723,70126,0.5278980731964111,-0.004390667536117453,0.29706085014915473,,,,
H2500,train,70126,26393,0.595923662185669,-0.013215462202708403,0.2824039967344425,,,,
H2500,train,26393,33748,0.7556089758872986,0.026301835183552075,0.5282326050388978,,,,
H2500,train,33748,57293,0.8856786489486694,0.5391158517435722,0.2917112861236622,,,,
H2500,train,57293,20217,0.7870037257671356,0.02718953924179087,0.19320233864489555,,,,
H2500,train,20217,15879,0.6976250112056732,0.0197617446053623,0.2606309471956154,,,,
H2500,train,15879,69036,0.6278680562973022,0.06932986968941074,0.20963211095172815,,,,
H2500,train,69036,3625,0.8956228196620941,0.3157113772829752,0.3351879755419374,,,,
H2500,train,3625,23696,0.6608340740203857,-0.10944932633934401,0.132613279704544,,,,
H2500,train,23696,44010,0.584349513053894,-0.02705314021405572,0.5494277138803809,,,,
H2500,train,44010,21652,0.8564547300338745,0.12016558306483952,0.35318378677865303,,,,
H2500,train,21652,6970,0.6550188362598419,0.09561729739337377,0.26783086446547166,,,,
H2500,train,6970,35190,0.6538646519184113,-0.15132280902498196,0.4712943857344566,,,,
H2500,train,35190,50780,0.7315544486045837,-0.18442750462054336,0.16798739241635013,,,,
H2500,train,50780,45620,0.7313641905784607,0.3480962620696785,0.4200884128852034,,,,
H2500,train,45620,27323,0.85646852850914,0.10415309582934193,0.2644999215288497,,,,
H2500,train,27323,51581,0.6422261297702789,0.07104354836308227,0.33891246014246984,,,,
H2500,train,51581,7163,0.6445731520652771,-0.036506002837196475,0.34247654446519127,,,,
H2500,train,7163,50828,0.6290903091430664,-0.04645515557220256,0.29271011974658356,,,,
H2500,train,50828,53785,0.7960595488548279,0.061630588888984074,0.4905668811374836,,,,
H2500,train,53785,1851,0.6567318439483643,0.059938115463577205,0.2822132057263952,,,,
H2500,train,1851,29558,0.7334719002246857,0.0915512375239481,0.2993794457850618,,,,
H2500,train,29558,59471,0.7112099528312683,0.1293969935994982,0.16586664894395708,,,,
H2500,train,59471,59462,0.7223959565162659,0.13654162972338627,0.2791595346894572,,,,
H2500,train,59462,16584,0.8415088951587677,-0.03008163193978919,0.24445738750093118,,,,
L2500,train,16584,40682,0.5496709197759628,-0.0015381645418822074,0.0793396347367584,,,,
L2500,train,40682,38942,0.8020787835121155,0.5906658049167216,0.4477215931527925,,,,
L2500,train,38942,4905,0.7182642817497253,0.11963133420050853,0.3855767933285909,,,,
L2500,train,4905,17344,0.6753516793251038,0.06557039223104771,0.263917009135079,,,,
L2500,train,17344,32725,0.5838281214237213,0.10608728376682505,0.18080204315847986,,,,
L2500,train,32725,28449,0.8241154253482819,0.4123067997280003,0.1613095377811798,,,,
L2500,train,28449,4723,0.5602983236312866,-0.284845303037312,0.44983090476113863,,,,
L2500,train,4723,70126,0.5795243680477142,0.06221601761016482,0.29629243142439654,,,,
L2500,train,70126,26393,0.6335131525993347,-0.040665286249310054,0.3083331579912012,,,,
L2500,train,26393,33748,0.7465554773807526,-0.041616889984736505,0.5361668403026195,,,,
L2500,train,33748,57293,0.9129250049591064,0.5181502503581827,0.29665932731235856,,,,
L2500,train,57293,20217,0.6988931596279144,0.05904827778859499,0.21533816726895336,,,,
L2500,train,20217,15879,0.6832128167152405,0.058770127954125576,0.2715832856958993,,,,
L2500,train,15879,69036,0.7110026180744171,0.12853744271798434,0.21301817608968132,,,,
L2500,train,69036,3625,0.9257528483867645,0.48692745565152357,0.32449739627101926,,,,
L2500,train,3625,23696,0.7749326229095459,-0.10325261534694796,0.16422667267676416,,,,
L2500,train,23696,44010,0.5538109838962555,-0.145978279666021,0.5550737467167367,,,,
L2500,train,44010,21652,0.8452315032482147,0.12677873435335835,0.3843494896615762,,,,
L2500,train,21652,6970,0.6983861327171326,0.18794134354102382,0.2855732842161123,,,,
L2500,train,6970,35190,0.6935743987560272,-0.22215691387121708,0.5397427036183662,,,,
L2500,train,35190,50780,0.6548359096050262,-0.03450775784743628,0.17907043905459574,,,,
L2500,train,50780,45620,0.7392429113388062,0.3133488066898101,0.4400642330413671,,,,
L2500,train,45620,27323,0.870546281337738,0.2468184013036404,0.33494660859924663,,,,
L2500,train,27323,51581,0.6600864231586456,0.18520368575178936,0.34790541815926923,,,,
L2500,train,51581,7163,0.6984411180019379,-0.026274917465775156,0.3610764468131027,,,,
L2500,train,7163,50828,0.6845570802688599,-0.010947136413112044,0.31597562697440285,,,,
L2500,train,50828,53785,0.7495710253715515,-0.02991010480780599,0.46021643799077305,,,,
L2500,train,53785,1851,0.6283324658870697,0.10973322586520728,0.28849424968348647,,,,
L2500,train,1851,29558,0.8154218196868896,0.07179498205257452,0.2714731312247406,,,,
L2500,train,29558,59471,0.6782908141613007,0.10387076507418583,0.15402118036825085,,,,
L2500,train,59471,59462,0.6556569039821625,0.11716067563723506,0.29896010292013975,,,,
L2500,train,59462,16584,0.7701160609722137,-0.02956204021312748,0.22877073023888828,,,,
H5000,train,16584,40682,0.579384058713913,-0.0388918574860051,0.08241947037436871,0.5284480899572372,0.17201507610974093,0.10593795665141567,0.05093596875667572
H5000,train,40682,38942,0.7633215188980103,0.590513578312391,0.43864839437311887,0.49125728011131287,0.0910296223433727,0.44823835479632634,0.2720642387866974
H5000,train,38942,4905,0.6251206994056702,0.16489646846817418,0.4034010134132267,0.6662969291210175,0.11928845931666557,0.3465169864495965,-0.04117622971534729
H5000,train,4905,17344,0.6069394946098328,0.04096719994030057,0.3012550989402526,0.39945143461227417,0.03140702762220729,0.36697991142646136,0.2074880599975586
H5000,train,17344,32725,0.5614767819643021,0.061505572112313986,0.1818547493851811,0.5240186750888824,-0.052717975131416746,0.12475486020394906,0.03745810687541962
H5000,train,32725,28449,0.8586645126342773,-0.16461603637482636,0.1422860563415665,0.6215891540050507,-0.09060926408340222,0.17750628350696024,0.23707535862922668
H5000,train,28449,4723,0.5821719765663147,-0.17008493892814386,0.4525382682228541,0.5391473472118378,-0.0769529889420491,0.3021239106514665,0.04302462935447693
H5000,train,4723,70126,0.49333466589450836,-0.04499016104753416,0.29231537308719446,0.5558071732521057,-0.05469666932060295,0.35898419820687794,-0.06247250735759735
H5000,train,70126,26393,0.508818507194519,-0.11470694202395101,0.2607862013113109,0.4830675572156906,-0.03685435155119857,0.2847385589069618,0.02575094997882843
H5000,train,26393,33748,0.7083190977573395,0.002102684212204775,0.5241217219884591,0.5475200414657593,0.2943497487515066,0.3848400751293344,0.1607990562915802
H5000,train,33748,57293,0.9248605668544769,0.5341107085125998,0.3171938420547965,0.5987564623355865,0.13115080301127066,0.20124191767344865,0.3261041045188904
H5000,train,57293,20217,0.7175136804580688,0.0502609247603854,0.19367497592199223,0.5795916616916656,-0.20664042034756555,0.20861328769205031,0.1379220187664032
H5000,train,20217,15879,0.6447159051895142,0.04092195186528432,0.2970631990997777,0.5995028614997864,0.1035081492256903,0.2976722030042568,0.04521304368972778
H5000,train,15879,69036,0.7006897628307343,0.07131308020014272,0.1917017758980946,0.4946635067462921,0.20322914212583743,0.17332973213160802,0.20602625608444214
H5000,train,69036,3625,0.9021254777908325,0.4425767577945486,0.33814761309656016,0.6251531541347504,-0.05960098599025476,0.20311273047536169,0.27697232365608215
H5000,train,3625,23696,0.7073635458946228,-0.1324939920047365,0.14571857290022214,0.5793288052082062,-0.18698674694605916,0.24184890942649068,0.12803474068641663
H5000,train,23696,44010,0.5809192061424255,-0.2512947149401896,0.5202920499291223,0.5485348999500275,-0.07127934652250423,0.4256081551571038,0.03238430619239807
H5000,train,44010,21652,0.700169026851654,0.10147405766754006,0.3641433529966519,0.5796962678432465,0.08804110451909741,0.3919120849460539,0.12047275900840759
H5000,train,21652,6970,0.6100462377071381,0.0972013959652977,0.3172832648431291,0.6160777509212494,0.14806756608043292,0.33939991023676364,-0.006031513214111328
H5000,train,6970,35190,0.5605862438678741,-0.1606608372412828,0.5535903942775878,0.5643036961555481,-0.000626764924353089,0.35419060598084506,-0.00371745228767395
H5000,train,35190,50780,0.7115187644958496,-0.12988319687655842,0.16277809218274988,0.4084351658821106,0.031017327428100084,0.17689432864911575,0.303083598613739
H5000,train,50780,45620,0.7457484900951385,0.20263965289219713,0.4419401773285017,0.48226846754550934,-0.05013009100241501,0.2831180562061067,0.2634800225496292
H5000,train,45620,27323,0.8944175243377686,0.09558564312559859,0.2597671980246265,0.4988563656806946,-0.027793580703067325,0.28692366950693127,0.395561158657074
H5000,train,27323,51581,0.5275783240795135,0.1609176281261679,0.33231370523281734,0.5283138751983643,-0.01290897817652725,0.3995957878122189,-0.000735551118850708
H5000,train,51581,7163,0.648036003112793,-0.04751696779287067,0.38501765664835247,0.4839727580547333,-0.05741729687267398,0.30860966600090534,0.1640632450580597
H5000,train,7163,50828,0.6640559434890747,-0.036060832583739946,0.30224766286678534,0.4474000036716461,-0.030683953316519755,0.3306669719902021,0.2166559398174286
H5000,train,50828,53785,0.8255232572555542,0.011568223349751994,0.5258280309567597,0.5377265512943268,-0.055157079813087526,0.21968871663561612,0.2877967059612274
H5000,train,53785,1851,0.6243458390235901,0.060010908872109005,0.28330108644606766,0.48335452377796173,-0.24059486260568552,0.24607529265991945,0.14099131524562836
H5000,train,1851,29558,0.7574987411499023,0.005786585278308873,0.2756135769706716,0.5613444745540619,-0.007682931870102744,0.2027473852214098,0.19615426659584045
H5000,train,29558,59471,0.7155724465847015,0.1257053687232943,0.17542408600880985,0.5337660014629364,0.041339014179180164,0.18056775021975124,0.18180644512176514
H5000,train,59471,59462,0.5727954506874084,0.015426416869187498,0.26748711926661894,0.46893155574798584,-0.04131558143264071,0.27835232526225445,0.10386389493942261
H5000,train,59462,16584,0.7561464607715607,-0.008600267698483863,0.24426723028185574,0.5507518947124481,-0.04140499437322436,0.13153384410202426,0.20539456605911255
L5000,train,16584,40682,0.5847949683666229,0.0003223588580970535,0.08130683667766679,0.5280382037162781,0.15377344043513158,0.09501717164594588,0.05675676465034485
L5000,train,40682,38942,0.7708437144756317,0.5870509036233948,0.4513832311070028,0.4607306122779846,0.0932115286905052,0.4323405871352074,0.3101131021976471
L5000,train,38942,4905,0.7081578075885773,0.1290385978707856,0.38884266494723585,0.614468514919281,0.0957132219086033,0.31203212683503456,0.09368929266929626
L5000,train,4905,17344,0.6673285365104675,0.07522121398394824,0.26949926822104325,0.4536008834838867,0.03724348144162329,0.3639542447016027,0.2137276530265808
L5000,train,17344,32725,0.6034053266048431,0.05233054179326912,0.18820455770811895,0.5353877246379852,-0.006878055670217428,0.1080660987097273,0.06801760196685791
L5000,train,32725,28449,0.8606509566307068,0.41526910650009596,0.16505610209184055,0.5953634083271027,-0.0792818232187846,0.16826335822788735,0.2652875483036041
L5000,train,28449,4723,0.5692679286003113,-0.3003569594819683,0.45080893809140243,0.5090130716562271,-0.0680801727095958,0.33310263332121326,0.06025485694408417
L5000,train,4723,70126,0.5557125806808472,0.00991451932273794,0.29582792504801336,0.521750271320343,-0.012101727951698268,0.3450028799108107,0.03396230936050415
L5000,train,70126,26393,0.61985844373703,-0.04840911769987322,0.30385139124238614,0.5032025277614594,-0.15223960154991745,0.2970859273587077,0.11665591597557068
L5000,train,26393,33748,0.7473773956298828,-0.025648151082175216,0.5387691266503183,0.5400210320949554,0.27360888729982447,0.3949846918304666,0.20735636353492737
L5000,train,33748,57293,0.912156730890274,0.5516693420833578,0.3036759435074188,0.5061722099781036,0.09586711425241451,0.18481916260286485,0.4059845209121704
L5000,train,57293,20217,0.6640091836452484,0.01206632896150038,0.19925310797721466,0.5904347598552704,-0.20422827678393926,0.21226034905806662,0.07357442378997803
L5000,train,20217,15879,0.6660936772823334,0.026700930246221253,0.2710972382929888,0.5768405199050903,0.11587055047911296,0.3006026002787239,0.08925315737724304
L5000,train,15879,69036,0.6892141401767731,0.12480435272358545,0.21519481823926934,0.50295490026474,0.21695133187189908,0.16292720590757087,0.18625923991203308
L5000,train,69036,3625,0.9311678111553192,0.4944065798464491,0.325242969159229,0.5894983410835266,-0.0884259607646424,0.18092250596393672,0.3416694700717926
L5000,train,3625,23696,0.7474297881126404,-0.13324965014630438,0.15449681450603986,0.511572390794754,-0.16219263172457818,0.25665729675131266,0.23585739731788635
L5000,train,23696,44010,0.6425025165081024,-0.18787636032024374,0.5456186989629283,0.547426164150238,-0.06844046665611728,0.39090042001733083,0.09507635235786438
L5000,train,44010,21652,0.8200947344303131,0.1023485210088764,0.3812613498626271,0.6512968242168427,0.05751110430480459,0.3247885974710958,0.16879791021347046
L5000,train,21652,6970,0.6338217556476593,0.2096401375744651,0.2875498521232085,0.5945563912391663,0.10843222739117415,0.3264816534267709,0.03926536440849304
L5000,train,6970,35190,0.6698256433010101,-0.25328053706497367,0.5712312306077129,0.4769049435853958,-0.09059808096698109,0.4812265737084209,0.19292069971561432
L5000,train,35190,50780,0.6683593094348907,-0.04360579477609086,0.17487662561607997,0.41464048624038696,0.08761583053659705,0.18875164969028013,0.2537188231945038
L5000,train,50780,45620,0.7382935285568237,0.3058352239485103,0.44649269416988635,0.5077283382415771,-0.03289307483853589,0.3065345283357912,0.23056519031524658
L5000,train,45620,27323,0.8729098737239838,0.18437170604050843,0.3155882017946231,0.4295162707567215,-0.02666347728122887,0.28085508864617514,0.44339360296726227
L5000,train,27323,51581,0.6389144659042358,0.17200135559366128,0.34067721518345545,0.5822924971580505,0.02666747650678238,0.3702402003453447,0.0566219687461853
L5000,train,51581,7163,0.6627545654773712,-0.04013805908966229,0.35053433085088825,0.49156197905540466,-0.09759842271697766,0.29087135734976743,0.17119258642196655
L5000,train,7163,50828,0.645570695400238,-0.015274863859334053,0.296072432281759,0.44610412418842316,-0.05481740744093284,0.3296697294384605,0.19946657121181488
L5000,train,50828,53785,0.7708834707736969,-0.021024481647768323,0.46728200862857333,0.561183899641037,0.010721095623679226,0.31491143746649514,0.2096995711326599
L5000,train,53785,1851,0.621589183807373,0.12232892350006472,0.3018587809017048,0.47602808475494385,-0.22375515915861582,0.22249425506243226,0.1455610990524292
L5000,train,1851,29558,0.7894331514835358,0.0401449334264571,0.27933783078294794,0.5529713332653046,-0.006897616135204281,0.20097493700577226,0.2364618182182312
L5000,train,29558,59471,0.7020478546619415,0.11910755176110169,0.15643949697325243,0.5715999901294708,0.049651271418697726,0.17835014927994824,0.1304478645324707
L5000,train,59471,59462,0.6945511996746063,0.08880755410609115,0.2889501768515551,0.4585641473531723,-0.02986357466710693,0.25783896165326714,0.23598705232143402
L5000,train,59462,16584,0.803991287946701,-0.018790649937368592,0.2381261015260746,0.5783940553665161,-0.0005036792282829793,0.13984854769089713,0.22559723258018494
R,train,16584,40682,0.588492751121521,0.022295789996640787,0.08768567485343953,0.5322631597518921,0.15875089079823054,0.0848966208619634,0.056229591369628906
R,train,40682,38942,0.8124281466007233,0.6455030206686752,0.4493877001633959,0.46876509487628937,0.05467733148175198,0.4232200433156932,0.3436630517244339
R,train,38942,4905,0.593666672706604,0.16750378663779225,0.3951892256290407,0.5968516170978546,0.1501320804374295,0.35943785664290695,-0.0031849443912506104
R,train,4905,17344,0.5871824026107788,0.06991543903111683,0.2572922119724351,0.48114293813705444,-0.14545871342117528,0.3618637758403762,0.10603946447372437
R,train,17344,32725,0.7415973544120789,0.09792268299593973,0.21394803981844002,0.4749530106782913,0.041940525254419936,0.11367748044292815,0.26664434373378754
R,train,32725,28449,0.8890332579612732,0.4727546570045365,0.16625567275893963,0.5259507894515991,-0.4481236111276794,0.1633155995329717,0.3630824685096741
R,train,28449,4723,0.5999857187271118,0.08990082925681979,0.45267944186450193,0.5331898629665375,-0.09989857281301852,0.3136423472345041,0.06679585576057434
R,train,4723,70126,0.581477165222168,-0.055408340966889326,0.2971572884163932,0.49333976209163666,0.020757821691049026,0.287005669313265,0.08813740313053131
R,train,70126,26393,0.6705371141433716,-0.18537087415220327,0.2750749148488071,0.5157709121704102,-0.08763001499902928,0.31614766988051046,0.15476620197296143
R,train,26393,33748,0.7747323513031006,0.052461749326970494,0.5196303087548902,0.5760943293571472,0.19727866333169913,0.35109908932971706,0.19863802194595337
R,train,33748,57293,0.9426654875278473,0.6272765168474428,0.32733512477090365,0.5516743659973145,-0.012255536941359786,0.1444945020727268,0.39099112153053284
R,train,57293,20217,0.7060352563858032,-0.08900442800925364,0.19841258912960003,0.5578650236129761,0.016731884801505517,0.22129379337693988,0.14817023277282715
R,train,20217,15879,0.6812729835510254,0.1291368985488064,0.28772954616412905,0.4923609048128128,0.11352992907058114,0.2583799204654441,0.18891207873821259
R,train,15879,69036,0.6674589812755585,0.015827305005882607,0.18218644838507186,0.4821341186761856,0.19669465952441056,0.17623782974189012,0.18532486259937286
R,train,69036,3625,0.943428635597229,0.5267203109187245,0.3484664313767324,0.536134272813797,-0.17465555302653035,0.1885289175602078,0.407294362783432
R,train,3625,23696,0.8155585527420044,-0.08546697631229307,0.15479365489306102,0.5245137214660645,-0.1850830483080907,0.25368518828050335,0.29104483127593994
R,train,23696,44010,0.611185222864151,0.0951640641392707,0.5490738178220609,0.5339850783348083,0.04671228709744908,0.43324246178424475,0.07720014452934265
R,train,44010,21652,0.8724107444286346,-0.009317123247929552,0.38216846102628427,0.5666155815124512,0.06654730266965517,0.2918708627420325,0.30579516291618347
R,train,21652,6970,0.7203910648822784,0.11241223384198637,0.2807448595347172,0.6421225666999817,0.052036133109854325,0.26703810962572344,0.07826849818229675
R,train,6970,35190,0.8220341801643372,-0.35481179947900054,0.5167116343929501,0.530778706073761,-0.11560020934699851,0.37841563378799287,0.29125547409057617
R,train,35190,50780,0.728065699338913,0.0029370851958637548,0.16452225119607364,0.41531383991241455,0.02612492426495673,0.16014167151136421,0.3127518594264984
R,train,50780,45620,0.840302437543869,0.31230087291274145,0.4171994131467789,0.5096392780542374,-0.13930341517808922,0.31957540235600773,0.33066315948963165
R,train,45620,27323,0.870598703622818,0.15850623634363564,0.30659581279709824,0.4585169851779938,-0.09093948073248471,0.27102116626127504,0.4120817184448242
R,train,27323,51581,0.7014184594154358,0.18362234600355234,0.3670173539743156,0.6054064333438873,0.038181677449468925,0.38149876021797957,0.09601202607154846
R,train,51581,7163,0.7538931667804718,-0.17693699371244223,0.3079187149561353,0.5592854917049408,-0.05755973349892842,0.2967975005391972,0.194607675075531
R,train,7163,50828,0.7206637859344482,0.03671076393644592,0.32124150769353754,0.4488897770643234,-0.07280533527903345,0.3216464194020012,0.2717740088701248
R,train,50828,53785,0.815714031457901,0.15303371168985558,0.547140555423612,0.5053747147321701,0.046189676270825465,0.35560459777325437,0.3103393167257309
R,train,53785,1851,0.6778793931007385,0.06882386761906754,0.2790732969695505,0.48321379721164703,-0.14999319736235858,0.23297494664849305,0.1946655958890915
R,train,1851,29558,0.8107180595397949,0.060947799925089655,0.2874014494872962,0.5548310279846191,0.020250956366666094,0.20450865555255965,0.2558870315551758
R,train,29558,59471,0.7495895028114319,0.10836431496640539,0.18513582614789795,0.48012717068195343,-0.003540231589673551,0.1800358337049054,0.26946233212947845
R,train,59471,59462,0.7314969897270203,0.08428977119220882,0.2775530953597404,0.46287819743156433,0.056964668546669074,0.25830646692349807,0.26861879229545593
R,train,59462,16584,0.9009791612625122,0.001530975603982139,0.17813948332889135,0.5232073664665222,0.08702760712846558,0.1955173712305595,0.37777179479599
B0,validation,43211,17865,0.6588464677333832,-0.14883212230929516,0.4385887773917291,0.617991179227829,0.05186464879294389,0.45539937606729697,0.0408552885055542
B0,validation,17865,54054,0.7868245840072632,0.4207976762830557,0.6932453077685055,0.5686697065830231,-0.2892714330039028,0.3248489516833253,0.2181548774242401
B0,validation,54054,25374,0.5279307961463928,-0.011847730049507656,0.23397988019680338,0.4737008363008499,0.05293917312002931,0.28076961272963596,0.05422995984554291
B0,validation,25374,48911,0.5988003015518188,0.08796309060838159,0.36229859634867095,0.48574109375476837,0.006178963938597251,0.30716746354115576,0.11305920779705048
B0,validation,48911,15191,0.6256517171859741,0.05469860738139583,0.17161699707700756,0.515069842338562,0.059976575346501804,0.2110957107797246,0.11058187484741211
B0,validation,15191,28157,0.5566352307796478,0.10055826033530535,0.13548014094485217,0.5574578046798706,0.14756102597080942,0.14059110904848826,-0.0008225739002227783
B0,validation,28157,29610,0.6410273611545563,-0.050667821327631854,0.23169939553754254,0.6131061613559723,-0.0927319110103903,0.22796824510846878,0.027921199798583984
B0,validation,29610,13223,0.6470561027526855,0.0905893247903738,0.18777090500776145,0.4861176609992981,0.06684645318354661,0.21361805217819435,0.16093844175338745
B0,validation,13223,62587,0.5777130722999573,0.33998228492253646,0.43560076906963197,0.6012419164180756,0.25154046334010655,0.3957965310742403,-0.023528844118118286
B0,validation,62587,34998,0.5620494186878204,0.4488270274303876,0.42174256103028374,0.5833632349967957,0.056212740737838024,0.3962950297484572,-0.02131381630897522
B0,validation,34998,29815,0.7760294377803802,0.003895055021804497,0.40573146447441827,0.5211314260959625,0.056305860501357156,0.44229481345790134,0.2548980116844177
B0,validation,29815,42302,0.8352989554405212,0.16401268470535116,0.6373226197532249,0.5571123361587524,-0.00762451684345021,0.3911644546069121,0.2781866192817688
B0,validation,42302,68553,0.5820615887641907,0.1836056194273862,0.13801254713812358,0.4435572624206543,0.051910320033596156,0.13217190259901335,0.13850432634353638
B0,validation,68553,65690,0.7031044363975525,0.10210576882017432,0.3876480035731789,0.5208484828472137,0.13152008557414233,0.3499046366088818,0.18225595355033875
B0,validation,65690,41120,0.6548058688640594,0.11834006012846326,0.47549908129224716,0.7501711845397949,-0.008807115693467107,0.26361485369440674,-0.09536531567573547
B0,validation,41120,64050,0.7225203216075897,0.0014832595326459003,0.04488490807251442,0.5323576331138611,0.05070413267268646,0.0518504911610648,0.19016268849372864
B0,validation,64050,21558,0.5832777917385101,0.43262229096170823,0.5053703118620845,0.5801641345024109,-0.15261252263204908,0.3109818662396532,0.003113657236099243
B0,validation,21558,16800,0.7107207775115967,0.19326623043487645,0.3674161443486783,0.5515587031841278,-0.10782522569633926,0.412692147106138,0.15916207432746887
B0,validation,16800,5683,0.713039219379425,-0.05455980641833062,0.40059009846301563,0.5441692173480988,0.10747304429468728,0.42802549295423664,0.1688700020313263
B0,validation,5683,29400,0.6243614554405212,-0.10826070563613531,0.5260370335439136,0.5153098702430725,-0.055395054514201396,0.43899395692847915,0.10905158519744873
B0,validation,29400,51865,0.44853559136390686,-0.11530042554886069,0.21072032366283855,0.49559859931468964,-0.07112756257229716,0.23668053348788015,-0.047063007950782776
B0,validation,51865,37899,0.5629519522190094,0.08460733014246477,0.15251247420956884,0.4752131849527359,-0.009012498318832494,0.15636593034200763,0.0877387672662735
B0,validation,37899,33256,0.8687357008457184,0.02151845173024543,0.14706771822781467,0.5251063704490662,-0.18269088819675294,0.17222905732174915,0.3436293303966522
B0,validation,33256,56963,0.6566410064697266,0.1454697394938968,0.7027682740086815,0.6598387658596039,0.022586081835797064,0.7080491338354825,-0.0031977593898773193
B0,validation,56963,71264,0.569447785615921,-0.31207275956889047,0.6347984761955929,0.5987924337387085,-0.12036016810465662,0.334061872115906,-0.029344648122787476
B0,validation,71264,38887,0.5960146188735962,-0.0616200506557718,0.3071605113688533,0.5481295883655548,0.06518797903543912,0.3483410967698738,0.04788503050804138
B0,validation,38887,59101,0.6660434007644653,-0.08193501636521777,0.33450026713347936,0.580559104681015,-0.13255764626369956,0.25253871668216865,0.08548429608345032
B0,validation,59101,29511,0.6405336558818817,-0.01936327020444993,0.1935145145718667,0.5593303143978119,-0.11167041736865403,0.23152726874023688,0.08120334148406982
B0,validation,29511,58157,0.5743241012096405,0.3892043878528315,0.7799107057331253,0.47851884365081787,-0.24901889065249244,0.4823239314976907,0.09580525755882263
B0,validation,58157,31251,0.5395872592926025,0.041781030781956795,0.3016491614769957,0.3388308882713318,-0.03979983580102195,0.3391854604805347,0.20075637102127075
B0,validation,31251,67261,0.5436879396438599,0.006029210073101837,0.33829988673638967,0.37851570546627045,-0.013225291720080048,0.24053626455663538,0.16517223417758942
B0,validation,67261,43211,0.7514506578445435,0.17247683384926735,0.29701062877952145,0.570345014333725,0.12508159115850945,0.4247364378224011,0.18110564351081848
H1000,validation,43211,17865,0.6471997201442719,-0.21625878859180953,0.44936193337940966,,,,
H1000,validation,17865,54054,0.7557346522808075,0.6306484637497574,0.700423658236667,,,,
H1000,validation,54054,25374,0.5230301320552826,0.03691180328283085,0.25060673995901595,,,,
H1000,validation,25374,48911,0.5412195026874542,0.1809385979199427,0.3060364741074829,,,,
H1000,validation,48911,15191,0.6398532688617706,0.026479901567887404,0.17041464179881022,,,,
H1000,validation,15191,28157,0.5220293253660202,0.1172970054991043,0.14344956811717216,,,,
H1000,validation,28157,29610,0.6865531206130981,-0.02265962082189117,0.2393755413099179,,,,
H1000,validation,29610,13223,0.6422257721424103,0.09943711888463941,0.19502287452775216,,,,
H1000,validation,13223,62587,0.5658612549304962,0.4457141908769765,0.4321723783289114,,,,
H1000,validation,62587,34998,0.5222097933292389,0.44967159009108026,0.4129369503333708,,,,
H1000,validation,34998,29815,0.8655915260314941,0.15287214806698307,0.34448660736604175,,,,
H1000,validation,29815,42302,0.8191564083099365,0.20554649992844895,0.6311922844264672,,,,
H1000,validation,42302,68553,0.5666183829307556,0.05229555181205113,0.1374668824906769,,,,
H1000,validation,68553,65690,0.692553848028183,0.10543936274950108,0.3768754459796997,,,,
H1000,validation,65690,41120,0.5908419787883759,0.02500361426950201,0.4998524924637932,,,,
H1000,validation,41120,64050,0.6299514174461365,0.05728017624203522,0.04938870561451686,,,,
H1000,validation,64050,21558,0.7356753051280975,0.3298124123776144,0.49341278198576355,,,,
H1000,validation,21558,16800,0.6617344915866852,0.1523970766021033,0.3644110117267061,,,,
H1000,validation,16800,5683,0.7291359603404999,-0.02645062561372454,0.42014729232483733,,,,
H1000,validation,5683,29400,0.6524916589260101,-0.09957446384428337,0.49909483626788054,,,,
H1000,validation,29400,51865,0.4841434508562088,-0.0846865130551033,0.21269602883582786,,,,
H1000,validation,51865,37899,0.585650235414505,0.09252272997173996,0.16685086559870577,,,,
H1000,validation,37899,33256,0.7834907472133636,0.021648179704842313,0.13639103434895994,,,,
H1000,validation,33256,56963,0.538782462477684,0.17504941693545456,0.6868455056869243,,,,
H1000,validation,56963,71264,0.6311586201190948,-0.15727768165462833,0.6621217814334388,,,,
H1000,validation,71264,38887,0.6407009959220886,-0.1548380651417797,0.3297205438915145,,,,
H1000,validation,38887,59101,0.6310145854949951,0.09193882110009076,0.3131720013603302,,,,
H1000,validation,59101,29511,0.6462563872337341,-0.01094428819413204,0.18495328835378025,,,,
H1000,validation,29511,58157,0.5711783468723297,0.39050764348368505,0.759815133771155,,,,
H1000,validation,58157,31251,0.5298620760440826,0.04579534485850696,0.31934177986816725,,,,
H1000,validation,31251,67261,0.5514358878135681,-0.10800300725281288,0.30085508041353093,,,,
H1000,validation,67261,43211,0.6115348637104034,0.12235749180350301,0.2900575365352168,,,,
L1000,validation,43211,17865,0.6616658866405487,-0.15978528659825542,0.4406084800195842,,,,
L1000,validation,17865,54054,0.7984535098075867,0.4466943971502156,0.6944862278517041,,,,
L1000,validation,54054,25374,0.528818279504776,-0.0011886546426140843,0.23153397700128753,,,,
L1000,validation,25374,48911,0.5379303693771362,0.0934498778260692,0.32120639693562003,,,,
L1000,validation,48911,15191,0.6254415214061737,0.008860931590836715,0.17059956791063824,,,,
L1000,validation,15191,28157,0.5510204136371613,0.1193610296581371,0.14108871151065838,,,,
L1000,validation,28157,29610,0.731736958026886,-0.04222481254274035,0.2641626126998752,,,,
L1000,validation,29610,13223,0.620329350233078,0.09675608025332241,0.18165496125302574,,,,
L1000,validation,13223,62587,0.537207692861557,0.329149733996097,0.4443437480665111,,,,
L1000,validation,62587,34998,0.5620031654834747,0.4477702802761022,0.41525515841771826,,,,
L1000,validation,34998,29815,0.8553842902183533,0.1624550300489095,0.3601812783451286,,,,
L1000,validation,29815,42302,0.8445424437522888,0.19203758665296194,0.6435183690330324,,,,
L1000,validation,42302,68553,0.593447357416153,0.1954972595000258,0.13860301895158988,,,,
L1000,validation,68553,65690,0.6791670918464661,0.0950087446471312,0.3757968469400427,,,,
L1000,validation,65690,41120,0.6784044504165649,0.1024549716395722,0.4552279694064685,,,,
L1000,validation,41120,64050,0.6836819648742676,-0.02048890622819873,0.043831977482121934,,,,
L1000,validation,64050,21558,0.6401930153369904,0.4429103497302723,0.5020912782690887,,,,
L1000,validation,21558,16800,0.6797094643115997,0.18110927313206232,0.3805504905011703,,,,
L1000,validation,16800,5683,0.730363667011261,-0.03568816471239488,0.39603586718533046,,,,
L1000,validation,5683,29400,0.6177807450294495,-0.09681348985992236,0.5127228961680479,,,,
L1000,validation,29400,51865,0.4741043150424957,-0.1297127901949129,0.21201844936559602,,,,
L1000,validation,51865,37899,0.59239661693573,0.07065637126682987,0.16600751846078465,,,,
L1000,validation,37899,33256,0.8525545597076416,-0.0012579934612260146,0.12203282387166076,,,,
L1000,validation,33256,56963,0.6006154119968414,0.17936078384472062,0.690495324094305,,,,
L1000,validation,56963,71264,0.5674234330654144,-0.2803233359812478,0.6368993568744956,,,,
L1000,validation,71264,38887,0.6207534372806549,-0.08437272333247407,0.30905755186732864,,,,
L1000,validation,38887,59101,0.6362687349319458,-0.07525905783852202,0.31863278879030427,,,,
L1000,validation,59101,29511,0.6423736810684204,-0.0189073090591488,0.1922049383245652,,,,
L1000,validation,29511,58157,0.5964444875717163,0.3771958646188156,0.7482807048322254,,,,
L1000,validation,58157,31251,0.6120796203613281,-0.02250591327591023,0.3568507148879484,,,,
L1000,validation,31251,67261,0.5432762205600739,-0.004638041283692065,0.336344004825737,,,,
L1000,validation,67261,43211,0.749241441488266,0.1773342068312881,0.2729047156295083,,,,
H2500,validation,43211,17865,0.6851709187030792,0.0019179842073400039,0.44542054553545196,,,,
H2500,validation,17865,54054,0.8073173761367798,0.5251146216345899,0.6883215326673515,,,,
H2500,validation,54054,25374,0.47493860125541687,-0.010097315912030488,0.2599775995420906,,,,
H2500,validation,25374,48911,0.5533096194267273,0.1396140744772128,0.32403094183795034,,,,
H2500,validation,48911,15191,0.5570034086704254,0.03378986446383856,0.1626814252384811,,,,
H2500,validation,15191,28157,0.5521661043167114,0.2023824516516208,0.1466530903719553,,,,
H2500,validation,28157,29610,0.7655327320098877,-0.0863851068512911,0.24539613010040834,,,,
H2500,validation,29610,13223,0.6989256739616394,0.0841851675068065,0.18247559509432718,,,,
H2500,validation,13223,62587,0.5905171036720276,0.41082609285629945,0.41175204878439925,,,,
H2500,validation,62587,34998,0.5724024176597595,0.4668860688100939,0.39066037918778457,,,,
H2500,validation,34998,29815,0.8189583122730255,0.08082526798593667,0.35239922486576963,,,,
H2500,validation,29815,42302,0.8209571838378906,0.2645579635410362,0.6402405186288095,,,,
H2500,validation,42302,68553,0.5455193817615509,0.18156618942383498,0.11737286002112468,,,,
H2500,validation,68553,65690,0.709132730960846,0.10210786702583567,0.3387644430324571,,,,
H2500,validation,65690,41120,0.6132128238677979,0.15385103781974818,0.43630910779466736,,,,
H2500,validation,41120,64050,0.6393415629863739,-0.014115504216691624,0.05338937549662731,,,,
H2500,validation,64050,21558,0.6729196608066559,0.3820077648745434,0.5066623358940208,,,,
H2500,validation,21558,16800,0.6585245132446289,0.15249065292031252,0.34403213393607507,,,,
H2500,validation,16800,5683,0.6153319776058197,-0.010316075389732234,0.41968464969890473,,,,
H2500,validation,5683,29400,0.6693176031112671,-0.0905790780248684,0.5268194366946974,,,,
H2500,validation,29400,51865,0.49974459409713745,-0.018621455421242293,0.2207841308410927,,,,
H2500,validation,51865,37899,0.6371554434299469,0.08501345305494751,0.14866587954708801,,,,
H2500,validation,37899,33256,0.848048597574234,-0.018310887567218832,0.13560865446649442,,,,
H2500,validation,33256,56963,0.6193972229957581,0.10725352003212178,0.7258805944050492,,,,
H2500,validation,56963,71264,0.595642626285553,-0.37562414451463344,0.5935955086459511,,,,
H2500,validation,71264,38887,0.6081967055797577,-0.03783377212745292,0.2837663610982199,,,,
H2500,validation,38887,59101,0.6517899632453918,-0.11215034869144569,0.3203016206281506,,,,
H2500,validation,59101,29511,0.6267455518245697,-0.01284103665671818,0.17771578692599105,,,,
H2500,validation,29511,58157,0.5691917538642883,0.31290950373989207,0.7453201766283103,,,,
H2500,validation,58157,31251,0.5640074014663696,0.02081880341970842,0.3157678158076723,,,,
H2500,validation,31251,67261,0.542016476392746,-0.04665511164794379,0.25850160726229365,,,,
H2500,validation,67261,43211,0.6999723613262177,0.16018036200224098,0.2704768172030237,,,,
L2500,validation,43211,17865,0.6496159434318542,-0.16445587502645784,0.43666745357604797,,,,
L2500,validation,17865,54054,0.7655280232429504,0.4770592357351652,0.6958050969739203,,,,
L2500,validation,54054,25374,0.48795847594738007,-0.03724700342735812,0.22360538919629486,,,,
L2500,validation,25374,48911,0.528136283159256,0.10410339097446408,0.33461449463476745,,,,
L2500,validation,48911,15191,0.5923219919204712,0.013996979898513392,0.1705760729850322,,,,
L2500,validation,15191,28157,0.5802310705184937,0.11343109018855342,0.13670733121078893,,,,
L2500,validation,28157,29610,0.6987464427947998,-0.025901080044065196,0.26047147698408024,,,,
L2500,validation,29610,13223,0.6371262967586517,0.10141247481515106,0.18458379552684562,,,,
L2500,validation,13223,62587,0.5391889065504074,0.329568162162429,0.4239014658879723,,,,
L2500,validation,62587,34998,0.5772780776023865,0.45462179949508064,0.41406871243160953,,,,
L2500,validation,34998,29815,0.8550778329372406,0.15234027890935775,0.34243439960977196,,,,
L2500,validation,29815,42302,0.8145928680896759,0.19808309372722974,0.6443741931730236,,,,
L2500,validation,42302,68553,0.5798869729042053,0.20005954479010507,0.12916543557068036,,,,
L2500,validation,68553,65690,0.7580127120018005,0.08473766762508857,0.36381620948950943,,,,
L2500,validation,65690,41120,0.6324979364871979,0.08296545552956727,0.4813871568779227,,,,
L2500,validation,41120,64050,0.6433825790882111,0.003412852622229857,0.0452852045967051,,,,
L2500,validation,64050,21558,0.6447343528270721,0.47129142469755225,0.5044971198849455,,,,
L2500,validation,21558,16800,0.6844565868377686,0.17134828361136023,0.3722986361106515,,,,
L2500,validation,16800,5683,0.6952711343765259,-0.04185614288813552,0.4045963234111693,,,,
L2500,validation,5683,29400,0.6191092729568481,-0.08077305458982798,0.5439424075770618,,,,
L2500,validation,29400,51865,0.46621885895729065,-0.12343696243599676,0.2063657034558718,,,,
L2500,validation,51865,37899,0.6286067068576813,0.050439941886023784,0.1568194207532197,,,,
L2500,validation,37899,33256,0.8590778708457947,0.030740060766716076,0.13415901682922854,,,,
L2500,validation,33256,56963,0.5894968509674072,0.19231768951623318,0.6969574878694831,,,,
L2500,validation,56963,71264,0.5577091574668884,-0.22724261746715282,0.647864960273507,,,,
L2500,validation,71264,38887,0.6326629221439362,-0.16026346243049347,0.3249246520230296,,,,
L2500,validation,38887,59101,0.6183054745197296,-0.0970152907965724,0.3200281414640026,,,,
L2500,validation,59101,29511,0.6652082204818726,-0.007325928946863375,0.19071260379037225,,,,
L2500,validation,29511,58157,0.5666233003139496,0.3790840598047729,0.7431039237493415,,,,
L2500,validation,58157,31251,0.6480633914470673,0.01964971471305113,0.32433762518870385,,,,
L2500,validation,31251,67261,0.5768897533416748,-0.0007611614497126246,0.3237544475910644,,,,
L2500,validation,67261,43211,0.6798580884933472,0.2149117037168024,0.2734754551678241,,,,
H5000,validation,43211,17865,0.6072491407394409,-0.04826996552932658,0.44047128177770867,0.6155020892620087,0.09971534886825545,0.4597981827265443,-0.008252948522567749
H5000,validation,17865,54054,0.7853485941886902,0.4561398736573539,0.7069626390807389,0.5144142508506775,-0.14261309037463699,0.38046969296863065,0.2709343433380127
H5000,validation,54054,25374,0.5333162099123001,0.027494459343664682,0.2442497039624122,0.4578506648540497,0.010222509952075617,0.2797436769969433,0.07546554505825043
H5000,validation,25374,48911,0.5061859786510468,0.11667786012979138,0.30375764024343765,0.463191494345665,0.04410572024252235,0.3385316572509518,0.042994484305381775
H5000,validation,48911,15191,0.6245532333850861,0.000819892737521602,0.16805941027212254,0.5630111694335938,0.03516724290818365,0.21710741377684328,0.06154206395149231
H5000,validation,15191,28157,0.6099506914615631,0.1146226435868217,0.1398709174284238,0.513238251209259,0.12737496350826572,0.14676613551015535,0.09671244025230408
H5000,validation,28157,29610,0.6583137512207031,-0.060083578869019286,0.23719346816760623,0.6210277080535889,-0.1647538313313377,0.218166414512722,0.03728604316711426
H5000,validation,29610,13223,0.657898336648941,0.12671625417770735,0.18924015577285178,0.4891578406095505,0.009094711637176529,0.24637432989610444,0.16874049603939056
H5000,validation,13223,62587,0.6072827279567719,0.43395825455483916,0.4170464155030573,0.6652524769306183,0.25312789485161014,0.3774087918073543,-0.057969748973846436
H5000,validation,62587,34998,0.5751689523458481,0.4153492984629421,0.4050406155344748,0.5830859243869781,-0.0842017656357345,0.3325156795700348,-0.007916972041130066
H5000,validation,34998,29815,0.7845536470413208,0.0071219469361260765,0.3762782136790833,0.5480967164039612,0.02954621813936305,0.4295026809778699,0.23645693063735962
H5000,validation,29815,42302,0.7852824330329895,0.21118578532228877,0.6334831145047182,0.5555137097835541,-0.03423562978724997,0.36736503514101665,0.22976872324943542
H5000,validation,42302,68553,0.5457135736942291,0.16830649916022938,0.12141607099503415,0.48746125400066376,0.08822921979386239,0.14594871970351025,0.05825231969356537
H5000,validation,68553,65690,0.7451512813568115,0.10069539681240769,0.3500029491992276,0.4708193689584732,0.10324030881979862,0.35475369486257397,0.2743319123983383
H5000,validation,65690,41120,0.6028584539890289,0.07336177069664009,0.4229451340395088,0.5839447975158691,0.012181088894244168,0.34992260992936686,0.01891365647315979
H5000,validation,41120,64050,0.5818023383617401,0.054556976604732806,0.048758730000708614,0.5406162142753601,0.05652055312831854,0.05325047980349622,0.041186124086380005
H5000,validation,64050,21558,0.7031878232955933,0.4411168390660119,0.5121232158269889,0.5917822122573853,-0.1650136150617748,0.30385278782831315,0.11140561103820801
H5000,validation,21558,16800,0.6610253751277924,0.1359573372192576,0.34788331767937963,0.5668036043643951,-0.10144516676323212,0.3851117055307778,0.09422177076339722
H5000,validation,16800,5683,0.6804056167602539,-0.008270108378197387,0.4012809173113495,0.5623413622379303,0.08392157636128107,0.3824125847737505,0.11806425452232361
H5000,validation,5683,29400,0.6827462017536163,-0.0936443997184922,0.42228829862087397,0.5205352902412415,-0.012590013677479228,0.4156887534578686,0.16221091151237488
H5000,validation,29400,51865,0.46245449781417847,-0.1602149368330436,0.2097981293194615,0.456018403172493,-0.011735799259150623,0.23565127921620072,0.006436094641685486
H5000,validation,51865,37899,0.6872738599777222,0.02776938508522122,0.15513997350164938,0.4567570388317108,-0.028775665478128203,0.15696355285019878,0.23051682114601135
H5000,validation,37899,33256,0.8256557583808899,0.029173822730015415,0.12864373333681497,0.5298209488391876,-0.1775418266544151,0.18122305557576746,0.29583480954170227
H5000,validation,33256,56963,0.5332649946212769,0.1596293113646697,0.7321807580790737,0.7221551537513733,0.1876519070235205,0.6314973845762708,-0.18889015913009644
H5000,validation,56963,71264,0.6067630052566528,-0.30338952478917014,0.5919140585796989,0.5846798717975616,-0.1446940842056797,0.30895781918876497,0.022083133459091187
H5000,validation,71264,38887,0.5728235840797424,-0.04328994752471575,0.2699425376573944,0.6117779910564423,0.0851235274896111,0.36922129909491935,-0.03895440697669983
H5000,validation,38887,59101,0.7149582505226135,-0.0851366509695218,0.3525762315913672,0.6124283671379089,-0.17532236774919926,0.3098701154643416,0.10252988338470459
H5000,validation,59101,29511,0.695166826248169,-0.009979855598236498,0.17202451055145523,0.5918548405170441,-0.13685272273186624,0.2310660359064671,0.10331198573112488
H5000,validation,29511,58157,0.5871866345405579,0.361826816838255,0.780511749079436,0.44273151457309723,-0.14958636139718218,0.4088907625890956,0.14445511996746063
H5000,validation,58157,31251,0.5772441327571869,0.03772709489198826,0.35870145048564445,0.35723939538002014,-0.144502424390195,0.3821079518890103,0.22000473737716675
H5000,validation,31251,67261,0.5858644247055054,0.008473659505145892,0.30723293595289847,0.4786525368690491,-0.010890385015745505,0.26386068627508075,0.1072118878364563
H5000,validation,67261,43211,0.5297679305076599,0.13324187444503693,0.20269893668095662,0.5337242484092712,0.09860980408792447,0.39205682687756727,-0.003956317901611328
L5000,validation,43211,17865,0.659174233675003,-0.16317176023870883,0.44130963854723365,0.5936497449874878,0.056968243371755656,0.452869564510752,0.06552448868751526
L5000,validation,17865,54054,0.787982702255249,0.5364064919027917,0.6908165286146125,0.5954933762550354,-0.2760067143237078,0.363299023578165,0.19248932600021362
L5000,validation,54054,25374,0.499700129032135,-0.014705690052138093,0.238867878639883,0.4921354055404663,0.029924251750248862,0.26833531972748575,0.007564723491668701
L5000,validation,25374,48911,0.555834174156189,0.11995981665432351,0.33528834229497306,0.4600931406021118,0.03246672505126355,0.28797145517128636,0.09574103355407715
L5000,validation,48911,15191,0.5436611175537109,0.034106305479751374,0.16027953529451885,0.5440342128276825,0.04207554662192152,0.21286354415761044,-0.0003730952739715576
L5000,validation,15191,28157,0.552641361951828,0.17448984738348222,0.13989064388321953,0.5613730847835541,0.1510809113960836,0.13125219067100571,-0.008731722831726074
L5000,validation,28157,29610,0.6732190549373627,-0.018139949520345762,0.26046816277283946,0.5797074735164642,-0.09898557948469545,0.22104658978385583,0.09351158142089844
L5000,validation,29610,13223,0.7219718396663666,0.1053942708148214,0.17699792271323836,0.44455859065055847,0.051783037560491574,0.20813115365089357,0.2774132490158081
L5000,validation,13223,62587,0.5801028609275818,0.3623569859729202,0.41496162583614804,0.6301690638065338,0.23650842200972857,0.3880846182370601,-0.050066202878952026
L5000,validation,62587,34998,0.5451337695121765,0.4526998771874643,0.42047808769391887,0.5798154771327972,0.053526554362229216,0.39178859712279546,-0.03468170762062073
L5000,validation,34998,29815,0.8506613075733185,0.13956059610886776,0.3420698412931341,0.5249121487140656,0.057274383397069056,0.4425217808074661,0.32574915885925293
L5000,validation,29815,42302,0.7938475608825684,0.21830429521207523,0.6539150712714805,0.5603959858417511,-0.007118357714622409,0.34830511963700056,0.23345157504081726
L5000,validation,42302,68553,0.5729420483112335,0.19878020172766647,0.12726570047799501,0.46186766028404236,0.13386669898177075,0.15716828457030885,0.11107438802719116
L5000,validation,68553,65690,0.6158501207828522,0.07762496724664605,0.3559142461818661,0.50323686003685,0.11089434598966545,0.32667441932311114,0.1126132607460022
L5000,validation,65690,41120,0.6398560702800751,0.07135673843500082,0.4327785667820768,0.7688576579093933,-0.023842911271057726,0.24725316690974763,-0.12900158762931824
L5000,validation,41120,64050,0.6559417545795441,0.0011661320409227169,0.04639400965557915,0.6141200661659241,0.05177795508663681,0.053043354097348436,0.041821688413619995
L5000,validation,64050,21558,0.6217865943908691,0.4756886252971808,0.5104712637912692,0.5855209827423096,-0.13878210378142217,0.2961167284077354,0.03626561164855957
L5000,validation,21558,16800,0.6790468990802765,0.18218875400710882,0.36636001178878763,0.55054572224617,-0.11968694848907423,0.4008817001530163,0.12850117683410645
L5000,validation,16800,5683,0.6902437508106232,-0.02117541340171614,0.4148991434508417,0.5464637279510498,0.0921555814989865,0.4072626273384712,0.14378002285957336
L5000,validation,5683,29400,0.6137738525867462,-0.07572622050683736,0.5419971531514051,0.5443339645862579,-0.06516550972767926,0.42765411362295164,0.06943988800048828
L5000,validation,29400,51865,0.4247427135705948,-0.11531641162868604,0.20663662554773754,0.4975079894065857,-0.08745839034468812,0.22595060817714216,-0.0727652758359909
L5000,validation,51865,37899,0.6576652526855469,0.0640917547567363,0.1628602451996974,0.4755098223686218,-0.007856696129068913,0.16195582884175846,0.18215543031692505
L5000,validation,37899,33256,0.8592535853385925,0.00842596709966259,0.11458271823358793,0.5177067518234253,-0.17993771110236767,0.16726190331599958,0.34154683351516724
L5000,validation,33256,56963,0.5512630939483643,0.2034799196470414,0.6899021758556505,0.6190329194068909,0.011424077795407814,0.6984729818478143,-0.06776982545852661
L5000,validation,56963,71264,0.5912192463874817,-0.3083441018837636,0.6088709458815962,0.6121391355991364,-0.13849872537361654,0.3205667592384613,-0.020919889211654663
L5000,validation,71264,38887,0.6249401867389679,-0.16041424851456815,0.32249240328016904,0.5696525573730469,0.0962881184332651,0.35911178736260446,0.05528762936592102
L5000,validation,38887,59101,0.6337103545665741,-0.07680901072658237,0.32739618876880194,0.5563095659017563,-0.14032008938071275,0.2502260113927503,0.07740078866481781
L5000,validation,59101,29511,0.6183640956878662,-0.008284368296212416,0.16218632355340562,0.5402165055274963,-0.12728120916106003,0.23020163737007032,0.07814759016036987
L5000,validation,29511,58157,0.5729235112667084,0.36202486357923747,0.7798151016668283,0.4550175070762634,-0.23986920416547058,0.44899686642043257,0.11790600419044495
L5000,validation,58157,31251,0.6128858923912048,0.017117853714092787,0.34483580398548186,0.34694235026836395,-0.07978041081255198,0.3255216834107912,0.2659435421228409
L5000,validation,31251,67261,0.5467603504657745,0.020141009279549968,0.3264719312562072,0.39710676670074463,0.0072331456886499945,0.24179773969903434,0.1496535837650299
L5000,validation,67261,43211,0.5997785925865173,0.18574339583055754,0.19866248076418347,0.5767634809017181,0.0751746942142194,0.42132983105917826,0.023015111684799194
R,validation,43211,17865,0.6805623471736908,-0.05730596601896425,0.430273840500793,0.6001393496990204,0.23123113719233696,0.4514760691105324,0.08042299747467041
R,validation,17865,54054,0.697334498167038,0.7228113164150063,0.671809909182741,0.5647810995578766,-0.24346778314017273,0.31996426017511503,0.13255339860916138
R,validation,54054,25374,0.4621331989765167,0.12544984469313347,0.2726544955400781,0.5303977429866791,0.0065654067001680375,0.25875750950566423,-0.06826454401016235
R,validation,25374,48911,0.6019310653209686,0.11984140593621888,0.326897649511825,0.4489551931619644,-0.03795535175783067,0.3244374279794512,0.1529758721590042
R,validation,48911,15191,0.5621587932109833,0.04802716592126825,0.15704941241428527,0.4984210431575775,0.04873800295063571,0.21181505581398,0.06373775005340576
R,validation,15191,28157,0.5529516935348511,0.10632992737514635,0.14349645154531854,0.5905088782310486,0.09181600884422017,0.11327013389957022,-0.03755718469619751
R,validation,28157,29610,0.6533839404582977,-0.03529897957833333,0.313750995181994,0.6449230909347534,-0.18464241987256785,0.19833658299657367,0.008460849523544312
R,validation,29610,13223,0.6485380530357361,0.026410311238731776,0.1656825577729385,0.6053676605224609,-0.07175348184199867,0.2644038795835694,0.043170392513275146
R,validation,13223,62587,0.5858802795410156,0.5283226270527998,0.46531793624022144,0.6365158259868622,0.09008455802099372,0.3495323119237531,-0.05063554644584656
R,validation,62587,34998,0.5987416058778763,0.3657745430617173,0.39929070378422127,0.606986939907074,0.02323617811615969,0.3716653285299465,-0.008245334029197693
R,validation,34998,29815,0.8183478116989136,0.18145770922475024,0.3780386684626128,0.5493570566177368,0.04889566149016571,0.4563432195086853,0.26899075508117676
R,validation,29815,42302,0.7866750359535217,0.27479958561559514,0.6269635041243684,0.560969740152359,0.06955932861877064,0.46742321498591777,0.22570529580116272
R,validation,42302,68553,0.5465427935123444,0.18450949489990037,0.1433805845310476,0.45490822196006775,0.07940114065228322,0.11941307265812089,0.09163457155227661
R,validation,68553,65690,0.6145035922527313,0.03311423668665962,0.32145025958281087,0.4408286064863205,0.16335021699661867,0.374315119460105,0.17367498576641083
R,validation,65690,41120,0.5896138846874237,0.11638058770724599,0.4300735949787105,0.7220073640346527,0.08251559241771309,0.2966271706660742,-0.132393479347229
R,validation,41120,64050,0.5428339540958405,-2.7834392786574985e-05,0.052514947162700665,0.5835071802139282,0.0003238353134849964,0.05031507632127734,-0.04067322611808777
R,validation,64050,21558,0.7426218092441559,0.33752348601761895,0.4439393210925421,0.599664568901062,-0.2175994681969881,0.3606903196028629,0.14295724034309387
R,validation,21558,16800,0.699449747800827,0.1338965315708948,0.337245921692635,0.5218860059976578,-0.03964262121987878,0.37056549153143276,0.17756374180316925
R,validation,16800,5683,0.6339314877986908,-0.03442344604486984,0.4262833406670904,0.5402086675167084,0.045257593853486634,0.3844996618833788,0.09372282028198242
R,validation,5683,29400,0.7396434247493744,-0.09300370541501252,0.4087932670927569,0.4686381220817566,-0.014448051119847568,0.32394385622361616,0.2710053026676178
R,validation,29400,51865,0.5963226854801178,0.12516265913725538,0.21802419050777122,0.49856509268283844,-0.09197239938610008,0.22027453564049349,0.09775759279727936
R,validation,51865,37899,0.6567054092884064,0.16033587077189443,0.1603396253175135,0.4994651824235916,0.033584401894027546,0.12965472753197455,0.15724022686481476
R,validation,37899,33256,0.8338179290294647,-0.0038707468354558343,0.11240882359574607,0.5070483684539795,-0.17739004041219902,0.2060102174342253,0.32676956057548523
R,validation,33256,56963,0.6150858700275421,0.1339559356367269,0.675111663035785,0.7168201804161072,0.20614724130174758,0.6146202046601397,-0.10173431038856506
R,validation,56963,71264,0.5571756660938263,-0.22317698265909203,0.5990458046438862,0.6274341344833374,-0.14311351388277477,0.34619801679283707,-0.07025846838951111
R,validation,71264,38887,0.6349487900733948,0.04078524299524898,0.268174172306322,0.5928722321987152,0.1893832717686469,0.34793777927941794,0.042076557874679565
R,validation,38887,59101,0.7357684075832367,0.12235633920317951,0.36360218705817293,0.5827454626560211,-0.13214179642330628,0.23549160041286415,0.15302294492721558
R,validation,59101,29511,0.6792636513710022,0.017265350950368547,0.16995142474474953,0.5139735639095306,-0.05857330555255418,0.23184713926348388,0.16529008746147156
R,validation,29511,58157,0.496110737323761,0.5531756408948046,0.7631439910897684,0.44008202850818634,-0.1869698280337745,0.45956385735448807,0.056028708815574646
R,validation,58157,31251,0.630151093006134,0.08621098179592951,0.378725068242178,0.33041103184223175,-0.11175299864948127,0.3047779352920404,0.2997400611639023
R,validation,31251,67261,0.5522212386131287,-0.14478624795209094,0.2553045475987732,0.4536941796541214,-0.14388495233736456,0.20606333731758497,0.09852705895900726
R,validation,67261,43211,0.5127008855342865,0.0275918478792435,0.21212106464276426,0.5626577436923981,-0.04465656375079807,0.4248627799432555,-0.04995685815811157
