image_id,PixCorr,SSIM,AlexNet2,AlexNet5,Inception,CLIP_identification,EfficientNet,SwAV
95,-0.06864962758975468,0.6688645594894163,87.97595190380761,97.49498997995991,85.87174348697394,91.68336673346694,0.6407591538477206,0.36791122964068157
204,0.13232030650782953,0.14724150780681194,83.66733466933869,96.8937875751503,92.58517034068137,94.48897795591182,0.8926219599764462,0.4834710168910793
318,0.11114459970265948,0.4162688193255762,54.70941883767535,80.66132264529058,23.34669338677355,74.64929859719439,0.9632662596600559,0.5865137986828697
356,0.06602909217224465,0.33612088001046425,82.96593186372746,48.09619238476954,48.296593186372746,93.88777555110221,0.9902828240414105,0.6122139915312128
425,-0.14572803496270947,0.1698556652537117,99.59919839679358,100.0,100.0,100.0,0.7331153081178639,0.5511363479817204
458,-0.14255888545674852,0.27511974278581924,63.42685370741483,86.47294589178357,95.49098196392785,67.53507014028057,0.8493273634026252,0.43549499240146916
637,0.14067590657109402,0.3672249967958061,89.07815631262525,83.26653306613227,62.82565130260521,61.02204408817635,0.9369817143580448,0.552513984477857
709,0.0029042920913565536,0.2978551938313177,24.348697394789582,60.921843687374746,96.09218436873746,92.18436873747495,0.668489612874798,0.6072872435325617
868,-0.049317652331066865,0.07702707106706817,60.120240480961925,76.45290581162324,76.45290581162325,38.77755511022044,0.9678977993129589,0.5235785088458356
1015,-0.24576285171887102,0.5675810622604023,82.06412825651304,75.85170340681363,96.49298597194388,83.36673346693387,0.5151856025308648,0.48791025251999276
1288,0.4691042812409516,0.3859150098660773,94.78957915831663,95.49098196392785,93.38677354709418,96.49298597194388,0.7667575970022156,0.34600249814748496
1589,-0.03044600455839542,0.24220587602533855,81.56312625250501,81.76352705410821,95.89178356713427,93.08617234468937,0.7748920264395849,0.44983432471264523
1744,0.7185513959530252,0.4466567628724398,98.69739478957916,93.5871743486974,63.827655310621246,95.29058116232466,0.8312476744901186,0.3733496157733171
1818,-0.11637007319501735,0.09067607666269747,54.208416833667336,91.28256513026051,52.705410821643284,52.30460921843687,0.98903738702883,0.6312247870320882
2070,0.0473516505105859,0.29825998066717013,78.2565130260521,62.82565130260521,97.69539078156313,98.29659318637275,0.6081087547180608,0.4514240181674953
2125,0.0007245701211595762,0.3517653629873282,27.454909819639276,66.73346693386773,95.69138276553107,89.27855711422845,0.8947191958304421,0.4794600430230293
2327,0.14850538749876263,0.43420099804938306,42.68537074148296,79.35871743486973,81.56312625250501,76.65330661322645,0.9891924998604144,0.6349517654215339
2737,-0.04828773554081838,0.16367588980547945,39.37875751503006,26.95390781563126,31.062124248496993,73.74749498997996,1.0327824006650672,0.6326660543794
2795,-0.04077929580589242,0.2428919446803961,63.82765531062124,47.494989979959925,31.462925851703407,83.06613226452906,0.9423645748702837,0.6230667892917596
2980,-0.0011360536866637525,0.08392414043741557,49.899799599198396,75.35070140280561,96.19238476953907,97.69539078156313,0.7001364490843772,0.5332187239485091
3338,0.2647506352712433,0.2854151088722435,80.26052104208418,70.34068136272545,51.40280561122245,6.813627254509018,1.0126794423056082,0.6214362133789507
3344,0.06633571421429474,0.25032091695109765,69.53907815631263,69.33867735470942,33.366733466933866,22.945891783567134,0.9642363425263474,0.6388820661547415
3368,0.04464651065181306,0.2903772231971058,81.56312625250501,98.49699398797594,97.79559118236472,99.19839679358716,0.7618433340772939,0.5431122809843874
3731,-0.10275628251112624,0.4254764090299363,69.63927855711422,81.66332665330663,74.34869739478958,94.98997995991984,0.9216431695222321,0.49856665428568236
3803,0.20086808507440038,0.51204654267398,55.711422845691374,81.56312625250501,51.30260521042084,79.75951903807615,0.9340655502622117,0.5477825068799007
4292,-0.015595038231479397,0.3385143000995227,52.505010020040075,33.46693386773547,80.46092184368737,79.15831663326654,0.9161096319776104,0.4785503647292647
4409,0.09067132926461179,0.3247597403298117,66.93386773547094,97.89579158316633,99.49899799599197,97.79559118236472,0.7635843751360782,0.5013865356685534
4476,0.23194236752725267,0.47502699450107744,60.82164328657315,73.94789579158316,88.47695390781564,10.62124248496994,0.9283097275888967,0.47570745776661
4509,0.0812683421186723,0.18976555764446867,24.348697394789582,73.14629258517034,59.318637274549104,44.08817635270541,0.9785926427249902,0.6622254534449694
4927,0.07199533062983726,0.16522860862545763,82.86573146292585,51.60320641282566,97.09418837675351,99.29859719438878,0.9367025236354538,0.5296733397740871
4967,0.03185664473201247,0.3638958613858433,77.75551102204409,97.79559118236473,95.49098196392785,95.79158316633266,0.7745682652665928,0.4629376974408297
5340,-0.28061731798488065,0.11758467048892776,53.40681362725451,56.81362725450902,99.6993987975952,90.08016032064128,0.7795038822656821,0.5793530985805618
5582,0.06438449242775929,0.6428846115890553,85.97194388777555,99.79959919839679,100.0,98.29659318637275,0.43350619837541193,0.25323773372318115
5656,-0.1394490488847221,0.17439679349711668,6.513026052104209,54.10821643286573,60.320641282565134,51.20240480961924,0.8972869270866258,0.5224192260390704
5683,-0.01273218347156617,0.5006378830032032,86.67334669338678,91.28256513026051,14.829659318637274,91.08216432865731,0.9441394754349511,0.44754777335370244
5790,-0.21950929799150132,0.18661378453811495,42.28456913827655,42.38476953907816,76.25250501002004,86.77354709418837,0.8890731068635308,0.7348524236417513
5929,-0.08602466331929502,0.3279298313315612,71.44288577154309,95.29058116232466,90.6813627254509,75.35070140280561,0.8557809034546455,0.3671374320653506
6315,0.30522991399756766,0.3194691200020915,61.42284569138276,61.42284569138276,98.69739478957916,97.39478957915831,0.8753413803981854,0.5625978262111959
6360,0.024405967784348656,0.1952091497821974,94.58917835671343,93.28657314629258,75.15030060120242,97.59519038076152,0.8008463592664703,0.40850566186090537
6454,0.017584245115115374,0.16229339442666937,68.5370741482966,98.29659318637275,96.39278557114228,78.0561122244489,0.7364080292848081,0.4710774728701587
6603,0.038966199176200825,0.14378275497913334,77.55511022044088,20.84168336673347,78.0561122244489,80.96192384769539,0.944920706300646,0.6393706684531338
6750,-0.09039800990820158,0.4833670136396485,88.77755511022045,96.79358717434869,94.68937875751503,92.78557114228457,0.7301500686498664,0.6193096033321498
6759,-0.017145948459645337,0.3505218194888038,93.38677354709418,99.39879759519039,99.6993987975952,98.99799599198397,0.49632318198504033,0.27087374755011817
6770,0.11887955232294778,0.2594013000346438,41.58316633266533,77.85571142284569,97.49498997995991,98.09619238476954,0.5466244005254433,0.48464534872330955
6991,-0.05604774593671813,0.11997099062650009,75.55110220440882,60.62124248496994,94.88977955911824,95.29058116232466,0.6727747482256821,0.35511426391477724
7306,0.029463420964212544,0.29544916467543947,83.66733466933867,89.37875751503006,81.66332665330661,59.81963927855711,0.8692014651826429,0.4639837901615996
7355,-0.12963676602505475,0.1187704710819932,76.65330661322645,60.82164328657314,68.5370741482966,77.85571142284569,0.9936468940978038,0.6291093514744794
7899,0.016508220482959666,0.23081041318794387,57.91583166332665,87.27454909819639,96.39278557114228,91.58316633266533,0.8386837882590703,0.40223892791741755
8061,0.1272523058891762,0.1540288729078192,98.79759519038076,97.49498997995991,99.19839679358716,91.28256513026051,0.7075451209509684,0.37532143199099993
8215,0.14694291178903587,0.22405367299263793,77.35470941883767,87.17434869739479,92.98597194388778,97.49498997995991,0.7249517237084334,0.530033099763175
8234,-0.009596054677791496,0.2897772307197852,50.300601202404806,90.88176352705412,97.39478957915831,98.99799599198397,0.7464556548970167,0.4076436286244834
8238,0.325693277265487,0.3999962685368196,83.66733466933869,90.9819639278557,95.79158316633266,48.39679358717434,1.004596105226315,0.5709036678667383
8275,0.04184422056578596,0.37116350871063464,29.458917835671343,28.957915831663325,38.877755511022045,75.1503006012024,0.8912378557998326,0.5761265918725224
8367,0.37056814719965003,0.47921371074043934,82.96593186372746,88.97795591182364,92.08416833667334,97.99599198396794,0.8444026520216055,0.40186452472296824
8828,0.06523331612771709,0.2955319386951043,40.881763527054105,58.517034068136276,98.69739478957916,97.89579158316633,0.7751036577710182,0.4865339155692124
8862,-0.0033978922238270884,0.428911333153437,95.89178356713427,96.6933867735471,57.11422845691382,35.27054108216433,0.9412713908454148,0.6627991761264262
8926,0.1288721286497823,0.16097041718760796,82.16432865731463,82.36472945891784,76.15230460921845,80.16032064128257,0.9403656414009796,0.5706969584050409
9188,0.03534595034268136,0.40139986255598203,44.789579158316634,94.18837675350701,94.48897795591182,97.89579158316633,0.7935729664298763,0.3338953576167016
9298,0.13598073141255163,0.2676005845483127,76.15230460921845,95.39078156312625,95.49098196392785,98.29659318637275,0.8300471232894439,0.40335623518909436
9376,0.1485468288416838,0.6749323138301869,98.59719438877755,98.79759519038076,97.39478957915831,98.39679358717436,0.4805191726955817,0.2426102990660038
9712,-0.2744639496494605,0.1557771666220213,23.947895791583164,81.76352705410821,39.77955911823648,21.34268537074148,1.0166479928642893,0.6383475745801906
9877,-0.02119803368063697,0.35786385177277713,42.585170340681366,98.69739478957916,97.69539078156313,98.79759519038076,0.6715101278988072,0.3000428475955482
10115,0.12401985851773979,0.45031776387787925,53.40681362725451,64.02805611222445,56.012024048096194,81.56312625250501,0.9418978049400168,0.6644216491705657
10191,0.10952175896894617,0.5598200722638818,85.67134268537075,95.19038076152304,98.49699398797594,99.6993987975952,0.3997140316195271,0.28687573326796406
10361,-0.03410962668333874,0.19121610790341148,29.759519038076153,64.12825651302606,95.69138276553107,55.11022044088176,0.8740300913513477,0.5144575419956733
10602,0.3962428037665038,0.262204746455819,59.61923847695391,90.1803607214429,92.88577154308618,95.29058116232466,0.9614906366078542,0.5420355675164743
10622,0.06464880029495569,0.3586102821593202,53.0060120240481,47.394789579158314,77.8557114228457,95.49098196392785,1.0479317043002763,0.6972144369941176
11050,0.10186727453045957,0.23202624400241892,71.6432865731463,94.28857715430861,56.613226452905806,76.45290581162325,0.9213118459823435,0.5033678168321143
11274,0.3355354257078112,0.33076403968741375,95.99198396793588,95.29058116232466,76.55310621242485,63.52705410821643,0.7516766715463201,0.5116540318968893
11493,0.020256680412171203,0.22672089499225015,51.20240480961924,67.03406813627254,67.93587174348697,95.39078156312625,0.9586241835392744,0.6496859705886536
11757,0.12429610699985041,0.14049483107490823,80.56112224448898,87.97595190380761,97.89579158316633,97.89579158316633,0.7305291756174577,0.37839079442349177
11886,0.2800751802371936,0.4133235572123741,73.84769539078155,90.5811623246493,91.08216432865731,98.49699398797594,0.8998771286432089,0.3527569503521768
12122,0.04641080604027654,0.2910614788675802,83.26653306613227,98.69739478957916,91.78356713426854,89.87975951903809,0.8173929026285336,0.3690161662742491
12225,0.09259519008825552,0.3781934468448931,54.30861723446894,79.95991983967936,57.31462925851703,71.44288577154309,0.9653859006825352,0.5118645751775943
12292,0.16375916895871107,0.24838265470156412,67.93587174348697,67.83567134268537,49.699398797595194,56.012024048096194,0.9419316859621415,0.42603083589738916
12340,0.05583211464950658,0.2982054329140279,40.681362725450896,52.60521042084168,97.89579158316633,72.14428857715431,0.7076898506389628,0.5045586924652511
12386,0.07374913541689547,0.2410698313748359,67.13426853707415,99.29859719438878,94.88977955911824,99.6993987975952,0.8630131755991812,0.5769886390604666
12597,-0.0909715296023499,0.1262346039912094,74.9498997995992,98.99799599198397,96.99398797595191,92.08416833667334,0.7404932139549663,0.5992449361684384
13041,0.11856939910522228,0.2894697187039359,77.15430861723446,95.79158316633266,51.20240480961924,96.09218436873748,0.7798036215117142,0.5136729397856201
13134,0.004390142867954389,0.3309446565648472,86.57314629258516,91.38276553106212,91.28256513026051,78.45691382765531,0.9656017334030589,0.5516785996831641
13223,0.4719465037170064,0.36479474303494885,90.6813627254509,72.94589178356713,92.08416833667334,91.58316633266534,0.914345846179367,0.4958614981459412
13298,-0.1424031786611631,0.14892537534275688,41.38276553106213,51.00200400801603,60.22044088176352,76.15230460921845,1.0168255308747836,0.5885545297174826
13587,-0.11088849942864994,0.19881307598014386,65.6312625250501,89.07815631262525,72.94589178356713,59.118236472945895,0.9646342452936328,0.40003106849425146
13703,-0.12573644415667534,0.30078971418152445,49.59919839679359,82.86573146292585,71.6432865731463,89.87975951903807,0.8607372123305206,0.5388742469053208
13741,0.16123261162983119,0.36202627823289624,97.39478957915831,95.79158316633267,96.59318637274549,91.08216432865731,0.5407203085471413,0.3473822112428774
13749,-0.05584064981164033,0.16452185708382616,59.91983967935872,34.3687374749499,77.65531062124248,79.35871743486973,1.0219026384451577,0.7043965694367307
13826,-0.3419447410704535,0.48924492386561536,51.20240480961924,98.29659318637275,95.69138276553106,84.96993987975952,0.7806612056035309,0.4617069051290243
13842,0.12701770207782537,0.44163150503468834,91.38276553106212,99.19839679358716,97.99599198396794,97.89579158316633,0.8607517017601013,0.42352759384058875
13879,0.12217240871859152,0.24686252577025233,74.64929859719439,94.38877755511021,98.59719438877755,48.496993987975955,0.6504414896536934,0.3757792023722366
13895,-0.09406780726351427,0.15999151815952314,42.58517034068136,74.9498997995992,65.03006012024048,42.18436873747495,0.9317434197903347,0.5941415508400604
13938,0.3281469529466646,0.4624899600009398,98.99799599198397,99.89979959919839,97.39478957915831,98.69739478957916,0.5339235927546429,0.2768850779109467
14049,-0.03238993510227853,0.3311131834082759,53.3066132264529,51.20240480961924,65.63126252505009,84.2685370741483,0.9507744504292892,0.7443606317282283
14170,0.10242256703205802,0.3551447512865859,95.49098196392785,99.79959919839679,98.99799599198397,98.59719438877755,0.6817032331836093,0.4053589556707664
14245,0.04766750890958264,0.5301267976911982,92.38476953907815,98.99799599198397,97.79559118236473,94.78957915831663,0.7847975906626319,0.48545846275988497
14274,0.010986796715364445,0.23535803662785212,47.09418837675351,48.99799599198397,89.27855711422845,67.43486973947896,0.9721573011805658,0.6198308502959358
14728,-0.015025423528545748,0.09237559108595345,78.85771543086173,93.88777555110221,18.13627254509018,97.29458917835672,0.9977267611740386,0.6517701892341634
15068,0.04675451809191242,0.3960887008482171,34.569138276553105,63.82765531062124,51.703406813627254,83.96793587174349,0.9716570804922452,0.5749397323931462
15181,0.06504598373269997,0.13648309325237507,83.96793587174349,97.99599198396794,58.41683366733467,95.99198396793588,0.921462574178562,0.6902121414248769
15182,0.31349169651613895,0.32470622832206936,95.69138276553107,99.79959919839679,98.49699398797596,95.69138276553105,0.592525966258775,0.47399608118688447
15191,0.15910015090534835,0.13526713080604635,61.322645290581164,69.93987975951904,88.27655310621242,83.96793587174348,0.9064581420586416,0.5468134760899954
15274,0.09719838932970512,0.2848390537789397,53.70741482965932,77.35470941883767,85.57114228456913,93.5871743486974,0.7360903159851375,0.46721462744056
15386,0.11679868269057045,0.11592115141642001,90.88176352705412,81.66332665330661,59.4188376753507,49.298597194388776,0.9534837590348563,0.683619859250832
15438,0.07883067691255487,0.34826957324496777,95.69138276553106,99.19839679358716,96.79358717434869,99.79959919839679,0.7471418099244236,0.3246422195950568
15516,-0.03187788673424651,0.4048239407702539,58.91783567134269,98.59719438877755,98.79759519038076,76.45290581162324,0.7941161197160369,0.3841988503704776
15631,0.04167636322673571,0.31873902255021835,45.09018036072144,96.09218436873748,90.4809619238477,98.09619238476954,0.874329130456079,0.5644204555288195
15632,0.014069162713323823,0.28634879494800847,32.26452905811623,53.1062124248497,44.48897795591182,89.47895791583167,0.9741110356263583,0.6425925721720135
15865,-0.03138531654038896,0.2038340549767198,71.7434869739479,98.89779559118236,63.92785571142284,63.22645290581161,1.0053284602112418,0.7571172284847139
15898,-0.026300912979130883,0.14782694460790913,85.97194388777555,91.08216432865731,75.65130260521042,82.46492985971943,0.9313288260562994,0.6779154402318137
15953,-0.04343009353974554,0.05705096789933395,96.39278557114228,95.79158316633266,95.89178356713427,67.63527054108216,0.8082641318962392,0.5239421677643781
15985,0.08280045456951848,0.7416567156210115,80.26052104208416,82.36472945891784,98.19639278557113,96.99398797595191,0.4253592373128455,0.3163187884745518
16251,-0.0006317262985678813,0.6805410024748474,29.258517034068138,90.28056112224449,99.89979959919839,97.1943887775551,0.45347354262185635,0.3519704824922878
16424,0.07820973805727507,0.24226503347699835,64.72945891783567,64.32865731462925,62.124248496993985,18.837675350701403,0.9671365936957543,0.6090074980367957
16525,0.006965480214021699,0.28006970484486715,72.34468937875751,84.46893787575151,98.99799599198397,90.88176352705412,0.7590637096365392,0.4304335664924804
16625,0.1336208347587124,0.25222951663630033,64.82965931863728,99.49899799599199,99.6993987975952,99.89979959919839,0.635276714980901,0.35842097258549865
16718,0.15685743626418297,0.31240509457078725,62.2244488977956,91.18236472945891,97.99599198396794,89.97995991983967,0.7856960955020267,0.37765962706553025
16800,0.0035229425577256008,0.3581053741351594,90.08016032064128,86.47294589178355,48.496993987975955,58.31663326653306,1.0196272845452214,0.6583068413601041
17017,-0.01035014942979472,0.238601990255319,62.02404809619239,84.2685370741483,95.29058116232466,78.45691382765531,0.8579791684290331,0.5332762316445979
17605,0.13994468435886215,0.3894181779767192,48.69739478957916,54.50901803607214,54.30861723446894,47.09418837675351,0.892166116067602,0.5459139530007618
17651,0.04185844183747479,0.28372553407892587,81.06212424849699,93.7875751503006,99.79959919839679,98.29659318637275,0.6488366678421934,0.39636574186015305
17795,-0.15011963862437536,0.4337868000199211,71.44288577154308,86.67334669338678,94.58917835671343,64.82965931863727,0.5789787768717415,0.37531761361385657
17843,0.08719566775530724,0.410347288063041,63.22645290581163,77.85571142284569,93.5871743486974,74.94989979959921,0.8783027523592495,0.5292384935339518
17865,0.4359377430686492,0.6529511230411892,96.09218436873748,97.79559118236472,99.89979959919839,99.09819639278557,0.5574179369315317,0.3081206888777662
17946,0.08490550151401678,0.2390255458398164,91.58316633266534,86.97394789579158,83.26653306613227,98.09619238476954,0.9476542541646078,0.5148702874565019
17987,0.028817450881019106,0.22240875085926726,94.18837675350701,98.79759519038076,97.1943887775551,87.6753507014028,0.7783823543314432,0.4059049696405223
18115,-0.003042259320784047,0.4297053144548605,11.322645290581162,36.27254509018036,74.04809619238478,98.69739478957916,0.9153463857907385,0.5854057732791507
18159,-0.0025249603560024564,0.3138917485784932,61.92384769539078,82.26452905811624,51.703406813627254,91.08216432865731,0.8399465503407039,0.5013898828763501
18170,-0.26398169838126145,0.24145222749162223,46.7935871743487,63.126252505010015,99.39879759519039,61.923847695390776,0.8817324994682688,0.5383140430665323
18556,-0.2207794430996368,0.27870652922722583,61.72344689378757,96.69338677354709,96.19238476953907,84.96993987975952,0.7894857835455757,0.4384809595617853
18888,-0.07338823336231828,0.2565371103931493,82.36472945891782,91.78356713426854,100.0,56.312625250501,0.5853137701992852,0.3215461028010095
18960,-0.1564977900627345,0.28709174813209914,53.206412825651306,99.49899799599199,95.69138276553106,100.0,0.9432145640292983,0.3997435500052439
19331,0.2956298069689871,0.33012827233396475,48.69739478957916,93.48697394789579,83.66733466933869,92.18436873747494,0.9243972554409898,0.427699164710031
19471,0.004284221028906431,0.19358440500803747,38.17635270541082,86.57314629258516,91.68336673346693,92.68537074148296,0.8330490316988761,0.5003779270825821
19593,-0.03349108716687095,0.14641053326431802,66.93386773547095,91.08216432865731,72.84569138276552,9.218436873747494,0.8263139177269699,0.6788933331279985
19605,-0.02820200464763219,0.11828250509870518,65.83166332665331,89.07815631262525,60.32064128256513,92.48496993987976,0.9430611854867346,0.5507209604397383
20013,0.040123250320728915,0.21073562853545566,86.17234468937875,80.36072144288578,96.69338677354709,81.3627254509018,0.785132214657907,0.44766318418095646
20072,0.10142138782923016,0.32375828123483985,85.27054108216433,94.98997995991984,98.79759519038076,93.48697394789579,0.5930075349660261,0.31430628749079537
20317,0.05170278048934789,0.17718059136324738,61.322645290581164,74.04809619238478,95.09018036072143,97.39478957915831,0.8813422891438196,0.5047573493889881
20380,0.022438106364962594,0.23175542719897457,84.36873747494991,99.09819639278558,87.0741482965932,54.10821643286573,0.8598204491146582,0.6272348102660334
20520,-0.03779644656568217,0.24467990472950998,45.190380761523045,66.33266533066133,98.39679358717436,96.99398797595191,0.6343102353602845,0.4700549062767112
20545,0.01083495009184684,0.4318918200709567,4.609218436873747,77.15430861723448,96.69338677354709,99.39879759519039,0.5998183373575086,0.5652077355215978
20863,0.1928816561695213,0.20635166556668824,96.49298597194388,96.49298597194388,99.19839679358716,99.39879759519039,0.7298164353367131,0.54323339502936
20882,-0.0842545099510105,0.5306366469990267,83.46693386773546,98.79759519038076,97.99599198396794,99.19839679358716,0.5295619015104134,0.4449072213576561
20904,0.04048519104445376,0.12526565272795395,15.130260521042084,57.11422845691383,25.651302605210418,90.88176352705412,0.9914350342743952,0.6982010860141747
21295,0.1816198122759004,0.5133473175031894,92.58517034068136,94.38877755511021,92.38476953907815,93.5871743486974,0.7057388257790705,0.3684016085428757
21414,-0.1412797148498667,0.22144448942547657,79.75951903807615,98.99799599198397,99.59919839679358,97.69539078156312,0.7062765495825228,0.4274395031185115
21436,0.37921039970840603,0.2841120614012133,82.26452905811624,94.28857715430863,94.0881763527054,66.33266533066131,0.8288565072098315,0.44808735341971856
21558,0.032331680234188774,0.4190305969032435,84.06813627254509,66.73346693386773,93.687374749499,92.48496993987976,0.7383903347564786,0.4445268197531933
21887,0.051026708259973796,0.17080603170056974,94.58917835671343,91.68336673346693,56.813627254509015,91.28256513026054,0.9255451815396164,0.5285674167729318
22215,0.002138063145585272,0.34828427601844214,41.983967935871746,50.501002004008015,84.2685370741483,67.43486973947896,0.9935209697913372,0.5908482805523625
22299,0.1499591878638725,0.5705492749881732,80.76152304609218,90.4809619238477,99.79959919839679,96.49298597194388,0.28734467283282533,0.26206165524124964
22303,0.017471950253089136,0.23532119164467946,52.30460921843687,75.35070140280561,95.89178356713427,91.78356713426854,0.8228671124809047,0.4250429738701504
22452,-0.02470468984750765,0.17682308287077897,87.6753507014028,83.26653306613227,92.18436873747495,95.59118236472946,1.0165387907132875,0.48804988979568736
22793,0.19897541237170063,0.25218113401739967,88.87775551102204,82.76553106212425,95.79158316633266,91.88376753507013,0.9302980269607157,0.6091818544090623
22803,-0.016983568546659306,0.0628685734367663,33.767535070140276,69.83967935871743,56.51302605210421,92.68537074148296,0.9869776855081704,0.5977992490643731
22924,-0.05910667688371503,0.6136898741327788,89.27855711422846,90.9819639278557,58.31663326653307,88.97795591182364,0.8275884398050124,0.4098206784005514
23314,0.29955110127122553,0.2627086226601435,72.34468937875752,95.29058116232466,96.39278557114228,95.59118236472946,0.734139426709869,0.4333632288219454
23445,0.1234130250758843,0.37972126579101173,80.36072144288578,82.46492985971943,97.49498997995991,96.19238476953907,0.7209899059033489,0.4384440566891151
23479,-0.013597255698951777,0.2568597437653042,46.09218436873748,65.53106212424849,97.49498997995991,98.19639278557113,0.8524263718155671,0.5301431696080465
23623,0.07780974131514042,0.17852738048487443,74.34869739478958,98.39679358717434,96.39278557114228,44.388777555110224,0.8060352635423182,0.3978394142469632
23633,0.07348716166003974,0.1836183352578729,95.89178356713427,67.33466933867736,98.59719438877755,98.49699398797594,0.7769323549097381,0.5357127562817952
23642,0.05670473430176426,0.4044467967001817,25.751503006012022,92.38476953907815,98.99799599198397,57.815631262525045,0.8510278722552461,0.511723678520613
23803,0.005660040573088186,0.40987256622038015,25.95190380761523,81.36272545090179,98.79759519038076,95.39078156312625,0.6116910624408629,0.481686202841566
24062,0.03200100041127424,0.17300267378514222,75.15030060120242,52.505010020040075,69.93987975951903,74.24849699398797,0.99858356898964,0.48833070282516217
24103,-0.004270921918801074,0.2547675933520414,60.521042084168336,44.48897795591182,38.37675350701403,71.7434869739479,1.0207883724736655,0.7485201345885749
24306,-0.19581745157924257,0.3347979275326646,35.57114228456914,89.67935871743487,95.29058116232466,92.58517034068137,0.9516966963354598,0.5799594394087637
24700,0.02089582438328247,0.4766527445438127,61.923847695390776,82.66533066132264,54.00801603206413,59.4188376753507,0.8147807945445159,0.46059942221362654
24790,-0.029296455776370058,0.32065366584327404,51.503006012024045,69.03807615230461,99.19839679358716,99.49899799599199,0.7794657140803719,0.5124785249952761
25150,0.16369843239925616,0.3896650183505297,95.39078156312625,97.29458917835672,97.99599198396794,93.687374749499,0.6299969449084397,0.40242142875668874
25166,0.07830538453035835,0.5985667763291842,63.42685370741483,72.14428857715431,66.03206412825651,85.27054108216433,0.8790671837868025,0.4163950267317938
25339,0.15882234998887024,0.38134337196192125,78.2565130260521,92.28456913827655,96.39278557114228,97.39478957915831,0.6630608511008591,0.5327155230182095
25360,0.04117538551492051,0.18482348252517117,94.0881763527054,33.66733466933867,55.410821643286575,81.4629258517034,1.030451783351714,0.7059908279843945
25374,-0.08008702139947252,0.45710115883404606,96.59318637274549,98.89779559118236,25.551102204408817,95.99198396793588,1.007202428650567,0.5662670194358717
25447,0.07684851570646645,0.21517373215559177,19.438877755511022,8.717434869739478,83.56713426853707,97.69539078156313,0.9925487522646748,0.7477384272455301
26070,-0.044711666535211886,0.1543718356322188,92.48496993987976,72.64529058116233,50.60120240480961,51.30260521042084,0.8703165769191576,0.4973505554442752
26146,-0.10498970257671802,0.1410283664184725,23.947895791583168,49.899799599198396,87.77555110220442,97.99599198396794,0.7465902322407146,0.6809851827273874
26419,-0.13424114852814653,0.3555465302338833,86.87374749498997,91.08216432865731,43.08617234468938,65.23046092184369,0.9537676475061407,0.6108246205994239
26519,-0.0012746854855907146,0.28387096700312964,13.827655310621243,60.62124248496994,59.719438877755515,82.96593186372746,0.9431841071913121,0.6989131197006545
26535,-0.06234493153418752,0.43591328870472307,19.03807615230461,61.82364729458918,80.06012024048096,89.37875751503006,0.9108268887382857,0.5779701101654036
26749,-0.37191222338655716,0.5661580567020036,95.49098196392785,91.38276553106212,90.9819639278557,94.88977955911824,0.7951895224837972,0.4099265368790379
27131,-0.06093016013879315,0.16905322114377425,80.56112224448898,65.53106212424849,57.31462925851703,10.721442885771543,0.9723567156563078,0.6367071232048126
27196,-0.010640578891830017,0.24189295261470367,84.66933867735472,89.87975951903807,79.55911823647295,68.8376753507014,0.8449023850284104,0.5129129795445236
27240,0.08567380503277242,0.2736743392633537,59.118236472945895,74.14829659318637,74.04809619238476,69.43887775551102,0.8250978550760157,0.5225868603264463
27260,-0.030572831683025263,0.3130517034424154,72.1442885771543,88.57715430861724,97.99599198396794,91.38276553106212,0.7816703652074097,0.39429268602919854
27648,0.11135931975316218,0.21870417389474595,84.06813627254509,56.01202404809619,98.29659318637275,98.79759519038076,0.7687763204426487,0.47154865865092555
27688,-0.021077404154868196,0.07060552550691787,61.02204408817635,91.08216432865731,92.68537074148296,86.67334669338678,0.949993462874378,0.6018450250867944
27781,0.06945655961834728,0.33437033501556634,57.615230460921836,69.03807615230461,50.501002004008015,59.018036072144284,0.9676801746580077,0.535439317545305
28157,-0.04617292696397344,0.3423353556985763,48.69739478957916,63.126252505010015,47.59519038076152,81.26252505010021,0.8874803579104964,0.6288048789978398
28253,0.27697964793731433,0.18740256223312282,73.14629258517034,79.05811623246493,93.7875751503006,55.91182364729458,0.9462971148607995,0.5550273916304063
28276,0.4055701231806408,0.34100120642269627,99.49899799599197,98.39679358717434,59.61923847695391,96.19238476953907,0.7034418949920433,0.3360362183638396
28309,-0.02562405060226736,0.40823120610368513,33.86773547094188,41.08216432865731,75.1503006012024,86.67334669338678,0.9362701244164893,0.5790292784556574
28511,0.16487644876882632,0.4355170035641228,36.57314629258517,78.0561122244489,76.95390781563125,54.90981963927856,0.88146533135635,0.4888978274897754
28548,0.11977005589172772,0.3212017257633941,57.41482965931864,71.04208416833667,92.88577154308616,92.48496993987976,0.7920234409606152,0.5948303123275747
28979,-0.050051571992206806,0.13549133397039806,3.7074148296593186,10.521042084168336,30.060120240480963,64.42885771543087,1.011642586008071,0.6562712444676577
29018,0.018350017793082235,0.353486697355228,77.65531062124248,91.48296593186373,97.29458917835672,94.88977955911824,0.656781517690894,0.4113391085196263
29179,0.0020661691560608444,0.5656569481759391,90.98196392785572,97.09418837675351,99.6993987975952,97.79559118236472,0.4735840050545621,0.37818141611535055
29221,-0.10326600464070168,0.21791079037564204,46.9939879759519,73.64729458917836,71.7434869739479,89.67935871743487,0.930390408849944,0.6076160161126306
29400,-0.001440397817797934,0.24696165716450277,87.17434869739479,94.0881763527054,97.39478957915831,54.709418837675344,0.8844788816931042,0.4407671726245614
29511,0.5897428068263556,0.7653518177829794,100.0,99.79959919839679,99.89979959919839,74.14829659318637,0.7995386937863109,0.3361278505392899
29591,0.025684786010848754,0.17810847629883386,65.8316633266533,58.21643286573146,93.18637274549098,92.78557114228457,0.96890261704786,0.5612121012908595
29610,-0.027160342339288046,0.14534770930181262,93.5871743486974,86.37274549098197,97.1943887775551,99.09819639278558,0.7980437073562165,0.4018179638267969
29717,-0.0034503706843631923,0.2714640542171139,63.02605210420842,73.44689378757515,48.19639278557115,52.80561122244489,0.9676553399455858,0.6277127432446248
29815,0.15377272513102727,0.6119681850752476,95.09018036072143,94.18837675350701,96.49298597194388,95.49098196392785,0.7155495039522846,0.4067766709223
29831,0.04829924191181338,0.20138749021188188,11.022044088176354,79.65931863727454,73.44689378757515,81.6633266533066,0.8520447479448257,0.5870084106779541
29903,0.05180497421742464,0.47397727708713655,40.18036072144289,50.20040080160321,68.03607214428857,50.100200400801604,0.9162133948847662,0.6333706957686401
29942,-0.0517590695340967,0.2264444496415841,70.04008016032064,80.36072144288576,94.18837675350701,90.5811623246493,0.6982613303602407,0.3668176713684876
30016,-0.03025867728341486,0.43338711449965683,37.374749498998,80.96192384769539,62.02404809619239,87.374749498998,0.8443262808008074,0.5935154211799492
30068,-0.08647327282196716,0.08333681289888162,84.06813627254509,91.78356713426854,52.30460921843688,92.18436873747495,1.007480820184389,0.5522812799972178
30077,-0.06850924596088259,0.04582949377652592,62.725450901803605,85.97194388777555,74.24849699398797,50.0,0.8819671469062658,0.6537565276140929
30139,0.192987790603155,0.24773473472249508,96.29258517034069,97.79559118236472,97.59519038076152,78.2565130260521,0.7528730291697294,0.3770216437597346
30888,-0.05027079654355121,0.2706538517871413,56.212424849699396,76.45290581162325,91.58316633266533,94.88977955911824,0.8149464095240533,0.5917249277356038
30961,0.02415820966381342,0.3369270800262052,84.16833667334669,95.79158316633266,98.79759519038076,98.39679358717436,0.44726450943669,0.30406025680497906
31234,0.07673406565634253,0.08307512749304355,73.34669338677354,76.55310621242485,99.09819639278557,95.29058116232464,0.6970558074675072,0.5218761058940271
31244,-0.07802213966822984,0.30716450148577934,67.63527054108218,89.87975951903807,76.25250501002003,34.86973947895791,0.928903790527694,0.4791242563531935
31251,-0.24216734627298941,0.188040061961939,71.6432865731463,66.53306613226454,70.94188376753507,91.98396793587173,0.9660149657414576,0.625609715849801
31280,0.06742674427317367,0.3543516443996983,79.45891783567134,96.49298597194388,97.29458917835672,98.99799599198397,0.4715876746133102,0.4636572960894053
31503,0.26509067467451936,0.16715347922735105,99.09819639278557,96.09218436873748,81.4629258517034,73.54709418837676,0.9697659554924818,0.6565053076270325
31776,0.0428237216558489,0.5233547800253822,92.98597194388778,87.17434869739479,70.04008016032064,88.67735470941884,0.9022075065208901,0.4285380017819482
32051,0.06802377150544033,0.2744182288305235,46.793587174348694,46.893787575150306,54.40881763527054,15.6312625250501,0.9330792980434217,0.5025295093497034
32062,-0.029664893240106974,0.2617014928686552,38.17635270541082,31.56312625250501,35.87174348697395,70.54108216432866,0.9280507040609536,0.5762520157211296
32140,-0.0027831843156597078,0.5582033034537658,93.2865731462926,91.68336673346694,83.06613226452906,69.83967935871743,0.8658118741408556,0.4884538069958797
32365,0.09821206113848048,0.2599213671087698,86.87374749498997,74.34869739478958,77.65531062124248,86.97394789579158,0.9193038159316076,0.5552481884324931
32427,0.016766113066978262,0.21073612476939185,89.87975951903807,98.29659318637275,95.39078156312624,97.69539078156312,0.8414440835157948,0.5126340593620496
32470,-0.040157599726376114,0.1260620224155939,56.71342685370742,86.07214428857716,20.741482965931866,78.95791583166331,1.013277099864522,0.6786754208907523
32532,0.05720727355759103,0.11731728814220224,81.66332665330661,70.24048096192385,89.07815631262525,89.67935871743487,0.9410367785557564,0.5086910341771818
32630,-0.03628413064242061,0.3040315882980512,63.92785571142285,93.38677354709418,99.19839679358716,98.69739478957916,0.5249098534132954,0.3570460582393628
32680,0.24021973923454676,0.5133753410799693,69.13827655310621,87.87575150300601,99.09819639278557,99.39879759519039,0.7719061458230976,0.4145784006706196
32697,-0.060954056210098854,0.2977929172796644,85.37074148296594,75.35070140280561,13.126252505010019,61.82364729458918,0.9817931570860918,0.6206753230355027
33057,-0.12388232281065942,0.300834343603917,32.16432865731463,67.13426853707415,45.791583166332664,61.723446893787575,0.959084557037695,0.6579589673333925
33084,-0.02137354098595906,0.14755035689439233,89.27855711422846,99.29859719438878,84.76953907815631,95.49098196392785,0.9588563126009828,0.6712439005909276
33123,0.23198976890842035,0.39520254776013425,52.70541082164329,62.02404809619239,43.687374749499,35.871743486973955,0.971638237898973,0.5216404686504559
33256,0.26480886659412,0.6627037733347108,92.98597194388778,86.87374749498998,84.16833667334669,49.498997995991985,0.9232738244144965,0.48086886684143215
33264,0.07245685185904446,0.1715210244201985,84.6693386773547,94.58917835671343,92.98597194388778,96.8937875751503,0.8799334920382091,0.6325407607393193
33336,0.07027624956011222,0.3933871705779127,74.8496993987976,62.82565130260521,85.17034068136272,83.66733466933869,0.8298335532901558,0.372513612439522
33342,0.014943325023998779,0.22840217900408918,44.68937875751503,58.116232464929865,99.29859719438878,58.41683366733467,0.8352569654499957,0.4729785636048928
33512,0.07203690305626181,0.20849313671741387,96.3927855711423,98.79759519038076,41.38276553106213,94.38877755511021,0.9608976492992757,0.5464011833752127
33863,0.07466240696722212,0.29623696470830774,52.80561122244489,81.3627254509018,84.16833667334669,93.9879759519038,0.8878933896827743,0.44618995977675224
33990,-0.020556739277271283,0.34757810846517995,64.92985971943887,96.19238476953907,95.69138276553106,96.39278557114228,0.7304711992026891,0.3586195790391348
34169,0.11528791486099853,0.2128925534613244,69.83967935871743,73.04609218436875,80.66132264529058,68.73747494989979,0.8196160753136108,0.41910953423184255
34198,-0.007475972345520165,0.23130187963888504,87.5751503006012,83.66733466933869,86.57314629258516,66.83366733466934,0.9049408901484238,0.5724027698567851
34415,0.1834494895780892,0.1925791451783485,88.57715430861722,81.76352705410821,95.79158316633266,98.79759519038075,0.7368288002042072,0.3620259519504863
34509,0.03508664028750452,0.13255783288069528,73.04609218436875,64.92985971943888,96.19238476953907,77.15430861723446,0.8192271998657827,0.5742456587997555
34565,0.05786382547170693,0.6187235221345312,75.35070140280561,88.77755511022045,93.48697394789579,93.5871743486974,0.8194042894149312,0.38225236758042136
34854,-0.03805855909041878,0.47703301831441647,72.34468937875751,95.89178356713427,96.19238476953907,96.39278557114228,0.613554620563405,0.37548792686820376
34998,-0.07202298470384765,0.21864057038946777,55.31062124248497,66.73346693386773,95.49098196392785,73.44689378757515,0.6616324210747173,0.46502166828744673
35100,0.18242522469698919,0.2940364361172129,81.56312625250501,87.4749498997996,96.99398797595191,96.09218436873746,0.647259106975953,0.39248739445903186
35119,0.10955072357026774,0.3360587124957284,26.152304609218433,63.727454909819635,98.29659318637275,98.39679358717434,0.8001145365732334,0.43862501643152463
35131,0.04833457123492123,0.21139344443198374,76.75350701402806,62.02404809619239,49.69939879759519,75.45090180360721,1.0435754999764497,0.7070646422163269
35234,0.06886942240113318,0.20894063273352376,77.15430861723446,68.5370741482966,46.19238476953908,61.122244488977955,0.9111006770123597,0.615427668734617
35269,0.04222327430726836,0.41265955931074266,69.23847695390782,67.53507014028057,91.88376753507013,24.348697394789575,0.9693012933381264,0.598180378863813
35281,0.035157862669743786,0.3568083222330021,29.35871743486974,82.76553106212425,75.1503006012024,93.5871743486974,0.9246424543314509,0.5595422854997403
35475,0.02873943613483552,0.19089507367812653,97.69539078156312,97.29458917835672,88.87775551102204,21.64328657314629,0.8134426299950721,0.529508931032239
35600,0.10336720665467297,0.6093748311163751,45.791583166332664,72.24448897795591,57.615230460921836,51.00200400801603,0.934510928540325,0.646479039679051
35613,0.08862997758084663,0.16991581286027246,93.18637274549098,88.17635270541082,96.29258517034069,98.69739478957916,0.7369504600354662,0.5664047408864263
35659,0.05694332092046673,0.0813819422245648,96.6933867735471,95.49098196392785,81.96392785571142,99.89979959919839,0.6121547532041481,0.5023026827521724
35916,0.12557960419272787,0.1388515889500036,69.93987975951904,58.61723446893788,94.0881763527054,68.13627254509018,0.8694176871108374,0.6186719453407485
35964,-0.025569238062948932,0.2569280273587699,62.2244488977956,91.28256513026052,81.3627254509018,53.30661322645291,0.9569342825090846,0.4939625747968722
36198,-0.014747956263947988,0.1085100954051866,83.86773547094188,90.08016032064128,99.19839679358716,46.993987975951896,0.8517625539921433,0.4543770563940983
36287,-0.32611401881730173,0.16036743178500823,22.745490981963925,47.79559118236473,99.6993987975952,97.59519038076152,0.8589174421702029,0.5882895300548048
36543,-0.0954198940867198,0.4538824442570049,47.59519038076152,96.29258517034069,99.39879759519039,100.0,0.5628724880533151,0.33092960012740896
36557,0.08621708065208739,0.21767790007815763,81.4629258517034,87.6753507014028,62.925851703406806,96.7935871743487,0.9074602865698946,0.6888372787744146
36992,0.06744366149673507,0.49071264050499336,19.138276553106213,33.567134268537075,96.19238476953907,93.58717434869739,0.8474761201201981,0.5798843034681203
37034,-0.08680874842532006,0.23457539690042173,39.37875751503006,64.72945891783567,92.08416833667334,78.2565130260521,0.8765574069973698,0.5050274246069193
37053,-0.07483119784366653,0.3464526208461366,71.44288577154308,84.5691382765531,67.03406813627254,55.11022044088176,0.8639121643995015,0.4861433248108739
37255,-0.07962173908419563,0.4171206652785724,38.77755511022044,48.59719438877755,26.853707414829657,38.37675350701402,0.9468228262488885,0.6449425120781147
37362,0.21663739199237708,0.1538310335927443,83.76753507014028,82.66533066132264,99.09819639278557,95.69138276553106,0.7509039332164404,0.4431210563129039
37406,0.18012689457627717,0.5149167264787797,63.527054108216426,52.705410821643284,71.9438877755511,63.02605210420842,0.8941277932346821,0.5649530301168296
37505,0.3589579657214041,0.597679922250073,95.89178356713427,99.09819639278557,96.79358717434869,98.49699398797596,0.4020764947293374,0.3315919159463036
37552,-0.03131886175535648,0.31835311589366433,70.84168336673346,77.55511022044088,98.29659318637275,99.39879759519039,0.6948924484801928,0.3596691010098068
37899,0.044564937912842384,0.14586353817891817,88.27655310621242,99.6993987975952,99.49899799599197,99.6993987975952,0.3627944416561758,0.2880145947413798
38091,0.006370278537291926,0.06890764686913947,86.57314629258518,84.16833667334669,97.99599198396794,93.687374749499,0.8507055856151832,0.4717975200988174
38194,0.25539247784002106,0.4014539913373635,91.48296593186373,92.58517034068137,80.46092184368737,87.374749498998,0.9275209887435407,0.4618329780324882
38375,0.3735737194448422,0.2627192760808169,31.86372745490982,67.43486973947896,86.97394789579158,99.6993987975952,0.8746732787715252,0.5490165759578804
38380,0.13011168047603835,0.3477669116971077,44.989979959919836,66.63326653306613,96.8937875751503,89.07815631262525,0.9378041027274077,0.5984591719233938
38833,0.10717179417190144,0.34744668949426843,96.19238476953907,97.59519038076152,89.67935871743487,83.46693386773546,0.9708641852335029,0.5249057561191632
38887,0.18423826943668797,0.3338345139153851,84.06813627254509,92.88577154308618,97.59519038076152,98.19639278557113,0.801377528891611,0.365073652545187
39183,0.27903473197537687,0.1534715102459772,78.95791583166333,68.5370741482966,94.0881763527054,99.49899799599199,0.8692771195436078,0.5170305587741615
39288,0.005667320546519999,0.338129448855692,67.43486973947896,80.16032064128257,90.4809619238477,95.39078156312625,1.0052207292755662,0.5100829297766638
39384,0.07665464481551075,0.3672188269622828,86.47294589178357,78.3567134268537,83.16633266533066,69.03807615230461,0.9495706241206459,0.6524457620895323
39490,0.012568831057379479,0.28594678374094634,56.012024048096194,96.49298597194388,50.1002004008016,79.45891783567134,0.932333732270386,0.5947146071560357
39557,0.2668551372760744,0.1946623465373875,89.87975951903807,86.47294589178357,88.87775551102204,62.625250501002,0.907732867683357,0.5641762296695647
39756,-0.17096192834826313,0.4536502751800434,15.03006012024048,49.7995991983968,75.65130260521042,53.807615230460925,1.002649499055614,0.7089238130555682
39793,-0.08966641447208246,0.1873068714382602,79.25851703406813,89.87975951903807,49.79959919839679,40.681362725450896,1.0256282701926087,0.5498041929909181
39920,0.007380325898015336,0.3756552742307345,95.19038076152304,87.17434869739479,98.39679358717434,93.28657314629258,0.7381025133578003,0.453373896580008
39986,0.0875864087689115,0.26669760357612704,51.302605210420836,95.19038076152304,60.120240480961925,87.27454909819639,0.927960260244624,0.4645010919312832
40269,0.023195312612451766,0.3136682311256393,68.33667334669339,77.95591182364728,44.989979959919836,96.09218436873748,0.9539862145807114,0.5699852093926248
40756,0.0959175461451561,0.2318185315454617,89.67935871743487,96.79358717434869,97.99599198396794,97.49498997995991,0.812577346115223,0.5182311083533608
40798,0.18900534175106598,0.5021148866946036,38.57715430861724,55.010020040080164,50.501002004008015,6.312625250501002,0.9290419644400593,0.6448187886810605
40819,-0.282580827622718,0.13330071244246544,69.03807615230461,77.35470941883767,37.875751503006015,63.326653306613224,0.9929591207817902,0.6219671099032056
40933,0.17758600932305696,0.15449266100301148,64.32865731462925,97.99599198396794,98.99799599198397,97.0941883767535,0.6960713475620073,0.5353456832582459
40990,0.2773706905128496,0.42667606844995093,81.36272545090179,88.17635270541084,58.71743486973948,40.280561122244485,0.8649370691332663,0.4272657444505439
41120,-0.07944686761336396,0.02281238767826359,81.4629258517034,53.2064128256513,86.47294589178357,59.6192384769539,0.9134495965721933,0.6160518017318946
41402,0.09774304947027872,0.36035470989133495,91.88376753507015,98.79759519038076,98.19639278557113,96.49298597194388,0.7116459822105901,0.49955789618277796
41540,0.437037643213951,0.24785488222060595,90.8817635270541,96.59318637274549,97.39478957915831,96.69338677354709,0.5565791273804713,0.2806993350611452
41555,0.02155269462334087,0.2444247417752121,63.42685370741483,75.05010020040079,99.59919839679358,98.69739478957916,0.691621860324601,0.44998269395208035
41561,0.1128982715935116,0.3985354222788995,70.94188376753507,97.39478957915831,51.00200400801603,76.55310621242485,1.0190357712476672,0.43983640020220977
41592,0.018342904974083776,0.14424862684652318,67.53507014028057,97.1943887775551,95.49098196392785,98.09619238476954,0.9006168825394065,0.6361181524314581
41636,0.03854229784793695,0.20797401274727823,90.78156312625251,94.78957915831663,57.014028056112224,90.08016032064128,0.9159347384711768,0.5984605053869188
41640,0.10066005373281375,0.293663542788685,50.20040080160321,75.65130260521042,58.416833667334664,95.29058116232466,0.9291532106628013,0.5518253845879242
41924,0.16596524276627728,0.6452196067039582,77.75551102204409,97.49498997995991,99.59919839679358,99.89979959919839,0.6801708973317794,0.33006460254743036
41976,0.07852802494182007,0.5533295870526254,83.96793587174349,92.38476953907815,95.99198396793587,97.49498997995991,0.29334551230890304,0.21944276103031374
42022,-0.10378006307472987,0.13738711537703807,88.67735470941884,87.77555110220442,79.15831663326654,87.77555110220442,0.8178067560633384,0.3954865007855377
42251,0.11089786592935655,0.1401116780875978,93.28657314629258,89.37875751503006,89.07815631262525,83.46693386773546,0.7616283082122133,0.4238751657756716
42302,-0.0352037616752922,0.15494954829264856,67.83567134268536,69.43887775551102,39.278557114228455,92.28456913827655,0.906855041788777,0.6825895993117295
42466,0.07610152241537468,0.3399155857219862,42.78557114228457,32.86573146292585,93.28657314629258,95.49098196392785,0.9096501214714636,0.6504666680931611
42679,0.0222496457087484,0.25892617791816896,46.492985971943895,95.39078156312625,89.07815631262525,78.15631262525051,0.8191101325323635,0.45900395070519107
43065,0.07005557578121602,0.25791104672734766,49.09819639278557,81.563126252505,95.89178356713427,80.36072144288576,0.8794592286232186,0.6704538456207674
43198,0.03037273357427698,0.15049467741691464,95.79158316633267,99.49899799599199,99.6993987975952,88.87775551102204,0.6548566590297078,0.3364211874220632
43211,0.06074689360053059,0.35822142794579165,55.01002004008016,88.67735470941884,96.69338677354709,75.45090180360721,0.8707269931505994,0.42622440482498214
43332,0.053005324093908776,0.15129072403284782,63.727454909819635,68.23647294589179,9.619238476953909,69.73947895791584,0.9839342329473895,0.5949095566432664
43546,0.2358143513363066,0.3321904952661583,90.08016032064128,87.17434869739479,80.9619238476954,55.61122244488978,0.719995446857089,0.4684536297150498
43584,0.3087563541115516,0.5251787995557058,80.66132264529058,92.78557114228457,98.69739478957916,91.88376753507013,0.8102616441157025,0.34902300571331774
44248,-0.16367940423965288,0.1888286639423355,23.04609218436874,63.326653306613224,93.7875751503006,97.39478957915831,0.7017548949892746,0.4835085453155959
44279,0.08623033566578778,0.4134528108612684,76.15230460921843,72.34468937875752,71.44288577154309,68.13627254509018,0.9499770746120906,0.46497849046736023
44360,0.011354583839389993,0.24675680049616008,66.73346693386773,91.78356713426854,81.76352705410821,73.04609218436873,0.8062351942416206,0.40576432057555384
44413,-0.12541434153900843,0.243550317513529,50.40080160320641,60.921843687374746,91.48296593186373,83.66733466933867,0.7834777047222687,0.35951836651819813
44422,0.1264201361686566,0.26587931518370184,66.23246492985972,98.49699398797596,100.0,100.0,0.43058983351155966,0.4336302995212627
44903,0.03856340444540237,0.14984827533022252,97.49498997995991,93.88777555110221,94.88977955911824,55.51102204408818,0.852430979022383,0.5214272176389217
44975,0.10504264793611356,0.2936254669360532,58.61723446893787,94.68937875751503,99.89979959919839,98.89779559118236,0.6501493173481564,0.36246814499381286
45377,0.10015874968618624,0.11320629732842016,91.38276553106212,99.19839679358716,98.79759519038076,99.39879759519039,0.43404529214524606,0.37317462181586525
45528,0.22843348066018676,0.21781171090980825,85.17034068136272,99.19839679358716,96.09218436873746,100.0,0.7700815803554742,0.4373132869069761
45699,0.08327372274723824,0.3342049047704122,46.69338677354709,67.03406813627254,68.43687374749499,91.68336673346693,0.9372582397414767,0.5465427092607671
45952,-0.08126379811289705,0.13697489929861362,82.36472945891782,55.210420841683366,97.29458917835672,98.59719438877755,0.8832800341852242,0.568004692818944
45987,0.0833546398783241,0.27596094019681083,62.725450901803605,69.23847695390782,95.39078156312625,90.08016032064128,0.9245218605936196,0.6270710653945349
46166,0.18221339732562325,0.21656873849746672,71.14228456913827,94.88977955911824,99.39879759519037,97.1943887775551,0.42358025063200533,0.3139148579021981
46276,-0.038131694353432014,0.4418549619379869,94.78957915831663,87.77555110220442,78.95791583166333,75.1503006012024,0.9259325808433576,0.4624326644611587
46403,0.01723274432271969,0.1452064337414139,37.4749498997996,96.59318637274549,91.68336673346693,92.68537074148296,0.8482654305190649,0.6090283679980327
46524,-0.15210755080870014,0.32182992932762594,8.41683366733467,33.967935871743485,48.39679358717434,61.322645290581164,0.8728832634357886,0.5271426871721148
46653,0.05180713211653002,0.044532614276381624,58.91783567134269,73.54709418837675,93.08617234468937,91.58316633266533,0.8326565628518369,0.6377703511121287
47030,0.14981624909356794,0.21317026541266862,77.45490981963928,77.45490981963928,68.6372745490982,62.82565130260521,0.9876023105981053,0.5906788059846824
47086,0.19144902510940492,0.19709349069172255,86.67334669338678,97.29458917835672,96.09218436873746,87.7755511022044,0.736525901926534,0.3302579074730663
47093,-0.009028680286474577,0.20736707305050633,42.78557114228457,62.22444889779559,64.02805611222445,71.9438877755511,0.9711983695383117,0.5533291505000295
47122,0.051681072000693364,0.11189840487397677,67.73547094188378,82.26452905811624,97.69539078156312,94.18837675350701,0.8079887384839781,0.5948533621617181
47125,0.1196751947705314,0.229497216395914,75.85170340681363,88.77755511022045,86.47294589178355,91.98396793587173,0.8180556885881268,0.544576742153826
47331,0.05835913797896135,0.5069422411709104,83.96793587174349,87.97595190380761,64.62925851703406,87.77555110220442,0.9732670444232471,0.6002418435564398
47471,-0.07904700770440679,0.31103164354840385,69.73947895791584,92.08416833667334,94.0881763527054,95.69138276553105,0.7848211214315921,0.40830917138312406
47583,-0.10296792015392714,0.13008241684391822,82.26452905811624,75.0501002004008,98.89779559118236,97.79559118236473,0.6311592405737899,0.5393519277592859
47744,0.11476484103427328,0.2733374842460957,69.63927855711422,76.95390781563125,95.79158316633267,96.09218436873746,0.6839765707875001,0.42200932625268583
47907,0.2344689163243211,0.3503874937926532,52.40480961923848,59.11823647294589,84.66933867735472,53.40681362725451,0.9516703205944728,0.5592505651822381
48376,-0.005743264218111619,0.3767142223885558,69.63927855711422,61.92384769539078,76.75350701402806,54.70941883767535,0.9371756693903117,0.6337432709345044
48655,0.06419196239576012,0.21584239570495178,15.230460921843688,84.86973947895791,89.37875751503006,56.012024048096194,0.9001752349231704,0.522590152418928
48911,0.17782787594615374,0.14037715304113546,56.012024048096194,51.10220440881764,74.64929859719439,33.96793587174349,0.9160748892782298,0.4852227144566635
49170,-0.05777041023649908,0.09648072203802945,69.43887775551102,92.98597194388778,91.88376753507015,99.19839679358716,0.7750614361646262,0.5204884815736301
49195,0.03804890254532545,0.531301013124504,50.501002004008015,76.25250501002003,97.89579158316633,97.69539078156313,0.43504563952952646,0.375200726299056
49256,-0.06166099725163583,0.3971076655483233,47.294589178356716,48.296593186372746,59.71943887775551,72.54509018036072,0.9667613738322061,0.5700722163576992
49315,-0.2619598484733819,0.27450268240437925,63.52705410821643,60.02004008016032,56.312625250501,46.793587174348694,0.8889195290222875,0.5103628568546345
49474,0.06631060947527455,0.1368554146674283,82.96593186372746,89.97995991983967,99.59919839679358,99.19839679358716,0.6689376378579168,0.46872157968547545
49475,-0.04602527834126954,0.34983668116010536,62.72545090180361,95.79158316633266,90.78156312625251,98.59719438877755,0.8004734649276996,0.38721617808178876
49678,0.069071230276287,0.15826731490936352,40.28056112224449,83.56713426853707,95.49098196392785,96.19238476953907,0.7679311743915407,0.41831661926420405
49702,0.0950460045202065,0.27615052676180135,45.39078156312625,75.55110220440882,60.52104208416834,89.87975951903807,0.9756491693415552,0.5939336896803096
49760,0.13304764845617736,0.4080642185851474,75.45090180360722,89.27855711422846,78.85771543086172,25.851703406813627,0.929169158077191,0.44818185243820297
50203,0.05020042884233205,0.22269978374323635,41.78356713426854,85.57114228456913,89.97995991983967,79.65931863727454,0.889936759820402,0.6062212887726359
50210,0.17386655891020902,0.29219557314069544,28.056112224448896,88.77755511022045,74.54909819639278,95.29058116232466,0.8959658795179113,0.5270464586491328
50622,-0.019906286767382222,0.6039992544359198,74.4488977955912,94.0881763527054,83.06613226452906,84.66933867735472,0.8902953145717059,0.4859607344576415
50708,0.08654333290668362,0.2322373249346143,93.7875751503006,99.29859719438878,86.37274549098197,95.59118236472946,0.8906182097903975,0.400031561915276
50739,0.227840814145503,0.19610611802970931,95.99198396793588,97.89579158316633,88.97795591182364,96.8937875751503,0.7064912369394862,0.3531052303913308
50850,0.0018264520847351175,0.5703159264261914,40.4809619238477,61.42284569138276,99.19839679358716,98.99799599198397,0.24105237220741826,0.3018504430004031
51008,-0.026118080530180606,0.4985419703701012,58.91783567134269,87.4749498997996,92.48496993987976,96.29258517034069,0.8391014820241909,0.4938067550309653
51227,-0.07966069511367066,0.11792274521865878,35.77154308617234,95.29058116232466,97.99599198396794,97.49498997995991,0.7289058573481053,0.5727252854929135
51300,-0.05179249389613085,0.16972132676325452,55.41082164328657,74.04809619238478,65.33066132264528,54.70941883767535,0.9375569479203119,0.6969139245888366
51380,-0.24859696235138268,0.2432025058293081,81.3627254509018,97.99599198396794,99.29859719438878,81.06212424849699,0.8143084377015808,0.6340177465543702
51385,0.07485474382318669,0.38723396168910484,77.9559118236473,86.67334669338678,79.75951903807615,97.09418837675351,0.9249139610956435,0.49462528708815956
51436,-0.006154381043858395,0.08041035544909725,67.93587174348698,94.88977955911824,98.19639278557113,96.09218436873748,0.7493927962063048,0.4888401352161172
51517,-0.07258877879789687,0.38575454613505833,76.35270541082164,81.4629258517034,98.69739478957916,97.49498997995991,0.908539206326487,0.579090082125289
51688,0.012279394854387327,0.3416569219345016,17.83567134268537,80.76152304609218,72.04408817635272,71.34268537074149,0.9296585909339226,0.5369631830229665
51865,-0.05432829262176738,0.10962414341175594,74.9498997995992,94.88977955911824,65.9318637274549,98.59719438877755,0.9002416744033094,0.5116375478667339
51943,-0.09173159922180364,0.2255275081561301,48.096192384769545,44.28857715430861,76.15230460921845,88.07615230460922,0.8867368837127326,0.49889120204021037
51956,-0.0698341625407301,0.1888039845088778,50.100200400801604,88.77755511022045,32.06412825651303,76.15230460921843,0.995064211481866,0.534301387229316
51990,0.042491946228821624,0.10220404853088771,89.57915831663327,86.17234468937875,98.59719438877755,95.59118236472946,0.8836461676150743,0.5157541350719277
52228,0.21012329298633453,0.4844291423695284,95.59118236472946,96.8937875751503,98.69739478957916,98.29659318637275,0.3013026785329159,0.2832717833271936
52277,-0.03883012190791055,0.5342099912714405,88.27655310621242,91.08216432865731,99.09819639278558,93.687374749499,0.3277133672890591,0.34687318411158685
52729,-0.20393353887491913,0.3310536290990913,21.24248496993988,90.78156312625251,87.0741482965932,94.58917835671342,0.9122808501366808,0.5530858409828427
52733,0.11742027188313137,0.37103916365031464,97.89579158316633,90.28056112224448,55.210420841683366,79.85971943887776,0.9500056254870126,0.6149308476155839
52803,-0.09381840883094823,0.16227459817296092,65.13026052104209,94.88977955911824,11.823647294589179,24.44889779559118,0.9940177757879047,0.5555291402549407
52927,0.1179483770539641,0.08148754734566585,65.83166332665331,75.1503006012024,97.99599198396794,97.59519038076152,0.7547849410770618,0.6167434755092542
53445,0.17717773199241593,0.09498285579830257,98.09619238476952,93.9879759519038,70.64128256513027,94.98997995991985,0.9090689311754925,0.6235641717369151
53659,0.369898468472885,0.5465218671916257,99.19839679358716,99.79959919839679,92.18436873747495,97.79559118236472,0.779227286475318,0.4279156728732273
53729,-0.2944493681125535,0.3253293332156445,80.06012024048096,94.68937875751503,97.1943887775551,98.19639278557113,0.8397459537921765,0.5468752906727239
53974,0.2924616530703773,0.5009738290945243,80.06012024048096,87.374749498998,96.99398797595191,80.36072144288576,0.7639994460075799,0.5106146948672192
54054,0.20621777071786576,0.21107189700365475,92.38476953907815,79.15831663326654,96.49298597194388,81.4629258517034,0.9143707260367769,0.5412652211879063
54099,-0.010590058331533972,0.18644909882187932,96.29258517034069,98.89779559118236,99.6993987975952,99.79959919839679,0.4760637205623941,0.40627780669796815
54250,-0.02380663602119388,0.27152963191442553,69.63927855711424,89.97995991983967,97.1943887775551,96.8937875751503,0.8346182515344613,0.524921074346069
54336,0.09604032730707573,0.16586438090240402,64.32865731462925,92.68537074148296,97.49498997995991,99.6993987975952,0.6661557569739835,0.4022917985533148
54681,-0.001664316105243098,0.33313533613050517,88.47695390781563,70.64128256513027,91.18236472945893,96.69338677354709,0.8916436091179472,0.5103488306235164
55202,-0.09806317868105772,0.1752129904750271,66.83366733466934,77.45490981963928,74.9498997995992,51.30260521042084,0.6587469929451967,0.4664337370192673
55501,0.23132107747232075,0.5406633463503073,78.2565130260521,96.69338677354709,80.16032064128257,88.67735470941884,0.7574703658445376,0.3865764000022491
55597,0.27553272743973617,0.5518560828835426,92.18436873747495,99.6993987975952,99.09819639278558,95.09018036072143,0.4760511442912119,0.31982288354036603
55741,0.487807493966257,0.447500281934572,95.69138276553105,88.47695390781564,84.66933867735472,67.03406813627254,0.9648286208895147,0.4968444352320249
55808,-0.05953306099812874,0.29467533142860175,24.04809619238477,63.627254509018044,28.557114228456914,39.278557114228455,0.9760169044394889,0.6892687749937502
55876,0.0858639429475887,0.26659299777953516,73.14629258517033,80.56112224448898,76.15230460921843,69.33867735470942,0.8396734087610803,0.5226461436167906
55878,0.1371219163500076,0.41385038959752996,90.78156312625251,60.82164328657315,80.16032064128257,97.39478957915831,0.9964462400635465,0.6445631426222963
56047,0.007827499757863218,0.40129259849911725,82.16432865731463,88.37675350701403,97.79559118236472,99.39879759519039,0.7714308397483691,0.5640280080211579
56131,-0.12083914898981024,0.1636344464501152,87.27454909819639,92.68537074148296,99.19839679358716,96.49298597194388,0.6627183035146026,0.43943501066577606
56162,-0.01337997078771909,0.2448505032839926,60.521042084168336,61.52304609218437,82.56513026052104,94.48897795591182,0.9619294503902379,0.5095062533523846
56272,0.12470619415154308,0.13956834112943098,80.76152304609218,75.65130260521042,28.657314629258515,31.56312625250501,0.9791243793397875,0.6335321319864307
56496,-0.039959210205048,0.10831761105756205,92.98597194388776,83.76753507014027,61.42284569138276,93.687374749499,0.9405343556676979,0.4270621579694423
56554,-0.06404904921697042,0.3817556838026036,87.17434869739478,95.09018036072143,98.59719438877755,99.6993987975952,0.6244506202188276,0.28200268851811566
56629,0.3040054981443828,0.4729320527794194,85.87174348697394,86.57314629258516,50.40080160320641,83.06613226452906,0.9315676106797302,0.4736862490558497
56651,-0.09777591648287223,0.34831640749293247,61.02204408817636,95.29058116232466,84.4689378757515,71.14228456913827,0.95418516406982,0.5330449980539935
56698,-0.04682104227602108,0.09664608971686983,60.32064128256513,68.6372745490982,98.79759519038076,85.37074148296594,0.8483231015000614,0.5640105064421422
56873,0.0038285441288191738,0.11822088303281325,79.85971943887776,67.53507014028057,97.1943887775551,43.28657314629258,0.9503377954434356,0.5097479919682524
56963,0.3246212074987471,0.6151517051750204,94.68937875751503,95.49098196392785,86.67334669338678,68.13627254509018,0.9860645618009662,0.5968911512249753
57114,0.0188270942011719,0.42605094280984906,37.274549098196395,92.48496993987976,72.94589178356713,97.59519038076152,0.9878229531033728,0.5882676799723281
57244,-0.01891966340183092,0.23884286590849912,61.122244488977955,67.63527054108216,86.87374749498997,93.88777555110221,0.7050145005182323,0.5578934007563314
57830,0.25500378385625877,0.24239622872902486,99.59919839679358,97.29458917835672,99.79959919839679,99.79959919839679,0.681129604467813,0.4021835550921257
57994,0.0599139435990054,0.35727219031851953,51.40280561122245,84.6693386773547,98.09619238476954,97.49498997995991,0.7267203154379948,0.4645404452531714
58004,-0.2242364545219589,0.6516784461588908,67.83567134268537,95.29058116232466,94.0881763527054,96.29258517034069,0.9061141268575669,0.4399355070979074
58157,0.13365914549140417,0.38536313907126696,62.02404809619238,80.46092184368737,95.89178356713427,97.69539078156312,0.7722760081461664,0.5704235918973645
58169,0.0065589800992524525,0.3453752718784877,49.59919839679358,84.46893787575151,98.49699398797596,97.59519038076152,0.7690675318795326,0.4454426493584424
58252,-0.1206117514799994,0.5557108704300725,86.97394789579158,93.9879759519038,26.25250501002004,47.09418837675351,0.9757700553457017,0.6184704840094041
58341,-0.08936334169027821,0.2756894334605561,12.625250501002004,30.761523046092186,67.83567134268537,63.326653306613224,0.9342957757700281,0.6277922253136259
58458,0.029410692889270847,0.2247889841527426,70.34068136272545,89.57915831663327,96.29258517034069,42.184368737474955,0.8544742133722594,0.6189191011998032
58572,0.23227846312270634,0.311666266481573,88.97795591182364,94.68937875751503,99.19839679358716,94.98997995991985,0.7730536865743654,0.5806024477395859
58835,-0.10975616846300265,0.17369734008346105,29.95991983967936,76.85370741482966,94.28857715430863,98.49699398797594,0.7688784758834539,0.4028971476638935
58977,-0.06704285177924431,0.3397535387810751,82.06412825651303,58.61723446893787,97.79559118236472,100.0,0.8705213759681825,0.4437280347290507
58988,0.266136667481707,0.4624956827239757,82.16432865731463,92.78557114228457,93.28657314629258,99.09819639278558,0.733774588978958,0.3040579422596431
59101,0.03566132452390288,0.1218917491384612,78.95791583166331,96.39278557114228,64.62925851703406,89.07815631262525,0.9729866670706183,0.5912132654240826
59177,0.10298736523373023,0.2516836075970608,66.23246492985972,58.016032064128254,97.29458917835672,96.09218436873746,0.8006613587562017,0.47488161134680024
59183,-0.0939995181430108,0.3906316318332965,47.09418837675351,83.86773547094188,85.07014028056113,65.5310621242485,0.9497984101661784,0.550800926549589
59219,0.635393594248568,0.9381381840428652,99.39879759519039,99.89979959919839,89.17835671342685,99.19839679358716,0.7178075734123073,0.2686322967420014
59293,0.0782032006225185,0.6343601685425362,82.06412825651302,91.18236472945893,72.0440881763527,93.7875751503006,0.7766627398817048,0.30804015767164844
59464,0.0699618024528062,0.14717199330630792,71.14228456913827,73.94789579158316,96.39278557114228,69.93987975951904,0.9247559437122443,0.47999655697012983
59470,-0.161759232295829,0.30799721028313554,23.04609218436874,55.31062124248497,98.69739478957916,96.09218436873746,0.9126118070342042,0.5375879183883098
59508,0.14882246313593417,0.6015290020127357,40.28056112224449,84.0681362725451,99.49899799599197,99.49899799599199,0.4645926551768387,0.33600408002680715
59838,-0.12144987086453746,0.14035654237053805,35.170340681362724,56.813627254509015,17.234468937875754,43.587174348697395,0.9935417076471091,0.5700845447685636
59905,0.07549887314739825,0.2714394944766978,81.2625250501002,86.77354709418839,72.34468937875752,69.93987975951903,0.8854176427964952,0.43831062973044094
60063,0.06023281169017302,0.32378854313336325,93.9879759519038,89.17835671342685,90.4809619238477,66.43286573146293,0.8882922351512321,0.6125263413524942
60496,-0.15994195317873272,0.3038309129247896,61.022044088176344,51.80360721442886,78.45691382765531,79.55911823647295,0.8079903202816795,0.5052876421878287
60707,0.049667060417298445,0.1980010408098283,97.99599198396794,93.38677354709418,86.97394789579158,84.06813627254509,0.8934768826964827,0.49215274323090263
60784,0.07993575677199871,0.33028880407641914,58.81763527054108,97.99599198396794,63.326653306613224,57.31462925851703,0.6532587229915677,0.35614954853872494
60932,0.12350004877205872,0.5043874643385691,93.2865731462926,99.09819639278557,94.78957915831663,94.28857715430863,0.7204881066167073,0.5272144917544834
61327,-0.006060226384170165,0.24973622693608832,31.56312625250501,88.07615230460922,97.49498997995991,97.79559118236472,0.758315075596587,0.5303771304546121
61653,-0.07949908917964592,0.14927959187233453,84.06813627254509,96.99398797595191,97.89579158316633,98.19639278557113,0.6204791715233136,0.4186729166830451
61683,0.11379955442431385,0.5450320035941008,88.67735470941884,66.73346693386773,76.35270541082164,85.57114228456913,0.8207527990731454,0.5743026851644946
61701,0.08883694401330892,0.16501971046643615,59.018036072144284,60.521042084168336,87.77555110220442,77.9559118236473,0.8695080079525541,0.5266345537964146
61868,-0.04464355052299296,0.21733645062338808,64.52905811623248,80.56112224448898,90.9819639278557,82.66533066132264,0.7316958124827678,0.545055352883796
61878,-0.1936392389947226,0.5169119691618871,76.65330661322645,98.49699398797594,99.59919839679358,94.28857715430863,0.829189163195369,0.3594167789770547
62117,0.17047634993282473,0.4666680822564746,90.5811623246493,85.87174348697394,70.64128256513027,65.4308617234469,0.8738054404604987,0.5255878982656899
62587,0.06932845720313688,0.24796018234098102,98.69739478957916,98.19639278557113,98.59719438877755,99.89979959919839,0.5002254829580368,0.2941156004867374
62627,0.1263224419829379,0.20501473370046902,76.85370741482967,89.07815631262525,23.04609218436874,75.75150300601203,0.9900417832985758,0.719812982182346
63062,0.012318431835119503,0.4619407631514305,57.61523046092184,94.98997995991985,99.6993987975952,93.687374749499,0.7365716357424736,0.37518330053339377
63247,0.3557584561347047,0.44385854567048844,94.48897795591182,94.58917835671343,99.79959919839679,62.02404809619239,0.5407613360382167,0.34011375203990657
63837,-0.0030897092123622974,0.34894954952084084,13.42685370741483,62.4248496993988,47.99599198396793,82.16432865731463,0.9514957054607609,0.6361324526061177
63869,0.09985382687740507,0.19984989389830649,94.78957915831663,93.68737474949899,97.79559118236472,98.99799599198397,0.8307068134437725,0.7913895161185935
64050,0.2427401026910114,0.4792766023583821,85.27054108216433,97.49498997995991,50.40080160320641,84.2685370741483,0.9454124354999368,0.4720491999129704
64148,0.00011035481397250746,0.2656066557146976,41.18236472945892,76.55310621242485,95.09018036072145,93.68737474949899,0.6867355901975799,0.5421281203055736
64195,-0.11584792255486136,0.18932723834189552,74.14829659318637,81.56312625250501,93.5871743486974,72.14428857715431,0.9560711351822841,0.5563298325242103
64262,0.16411578770395674,0.23425480844708008,78.15631262525051,93.08617234468937,53.707414829659314,53.80761523046092,1.0152330750031815,0.6265200603316318
64417,-0.23229902831987786,0.43218487439526265,8.617234468937875,58.21643286573146,88.67735470941884,97.79559118236473,0.8318948828787305,0.41055502311297215
64547,-0.01952098237754328,0.17297442939616053,63.326653306613224,71.04208416833667,93.18637274549098,56.51302605210421,0.989795561437679,0.6038082967445116
64783,0.3582642393470919,0.3971160801093467,61.122244488977955,54.30861723446894,59.81963927855711,81.56312625250501,0.9305567267293061,0.6446015127850505
64851,-0.0479944143454207,0.24767812181932322,48.69739478957916,99.19839679358718,96.8937875751503,94.28857715430863,0.9003771570931909,0.5295955384679726
64925,-0.1699902407436033,0.09130913228265321,23.04609218436874,89.07815631262525,58.016032064128254,53.507014028056105,0.9793747668645537,0.6300386767547675
65218,0.01586897107963231,0.161005706177498,30.561122244488974,44.589178356713425,65.23046092184369,67.03406813627255,0.9828413170826793,0.5960532167944832
65340,0.01759561913327866,0.27932227315337255,57.81563126252505,83.66733466933867,92.98597194388778,89.57915831663325,0.7963638065345445,0.4565818703540291
65348,-0.0705461935866491,0.16305052345259463,80.86172344689379,53.2064128256513,98.19639278557113,96.79358717434869,0.7120232268854005,0.47285016195837576
65417,-0.1776010081925378,0.1751110787029176,67.13426853707415,90.28056112224449,60.521042084168336,71.04208416833667,0.9925488542925263,0.5764082025335596
65553,0.25912920548112484,0.5211990479160916,97.39478957915831,96.39278557114228,38.276553106212425,36.573146292585164,0.9423881259793101,0.4292094854762324
65609,-0.004866326222490849,0.24760227003132618,72.84569138276552,57.41482965931864,90.9819639278557,90.8817635270541,0.7620330099518258,0.4669427955733993
65690,-0.03358031594516933,0.42558223056738986,59.91983967935872,62.5250501002004,99.49899799599197,83.36673346693387,0.8455795672852694,0.4522697457362557
65878,0.03232015504496285,0.115955317876526,39.57915831663327,31.062124248496996,40.18036072144289,56.5130260521042,1.0040817213515154,0.6434976935424597
66058,0.09548627920494344,0.2851443149099232,97.59519038076152,94.48897795591182,94.28857715430861,96.19238476953907,0.9137837631407097,0.5129672274580972
66209,-0.15645363932362572,0.33793324708857164,30.761523046092186,47.59519038076152,39.17835671342685,28.45691382765531,0.9844687730602328,0.5946223840569321
66269,0.005039925920098566,0.2180400962660216,45.09018036072144,64.52905811623246,55.9118236472946,80.56112224448898,0.9307079204392338,0.5765920837016947
66437,0.18159074422647836,0.2892214652677535,53.707414829659314,73.94789579158316,95.09018036072145,84.2685370741483,0.8610325500559263,0.5537804844666887
66512,-0.0364098779961841,0.35142524948494547,43.987975951903806,91.88376753507013,50.30060120240481,58.517034068136276,0.9418077582491502,0.5602021155445713
66559,0.09876402844991167,0.3955025383717057,59.5190380761523,43.28657314629258,66.13226452905812,97.39478957915831,0.9370653005372985,0.6975850607574202
66875,-0.0312634585559676,0.2362583529043339,94.48897795591182,94.58917835671343,99.59919839679358,98.49699398797594,0.46598229976343664,0.3727861047922933
67261,0.09210606901884999,0.26116418411813636,69.53907815631263,68.43687374749499,65.13026052104209,18.637274549098198,1.02752210519939,0.6071413988067725
67281,0.11704360825436007,0.3274523588990962,75.0501002004008,96.29258517034067,98.19639278557113,98.89779559118236,0.7030735417647239,0.3023315904111082
67361,-0.014828688107337524,0.2118636039296869,87.4749498997996,97.09418837675351,98.49699398797594,96.19238476953907,0.7954719651894784,0.5439551605767261
67444,0.03052548439587744,0.0911519721830363,82.56513026052104,94.58917835671343,91.38276553106212,97.59519038076152,0.8136958531625613,0.4141594532559921
67673,0.03667854018318178,0.24204843285755273,86.87374749498997,84.66933867735472,61.62324649298597,85.57114228456913,0.8741437693180699,0.5074721814981371
67708,0.18181250252526526,0.2729710042128808,65.93186372745491,96.59318637274549,98.69739478957916,100.0,0.7770595661896675,0.47730847878407895
67899,0.0940873319099198,0.33814424899867046,67.33466933867736,98.49699398797594,74.04809619238478,76.25250501002004,0.8375537183578216,0.3793389348188938
68121,0.06514634794094037,0.37030116237646393,26.95390781563126,45.991983967935866,75.55110220440882,97.79559118236473,0.8750417040680307,0.3903457073272054
68127,0.16532005566334954,0.32007653058019264,70.54108216432866,75.85170340681363,96.49298597194388,97.59519038076152,0.8274094185268281,0.4724723649975831
68173,0.05800607491981297,0.27691586713201644,87.87575150300603,46.69338677354709,92.68537074148297,92.28456913827654,0.9060854939655616,0.6175024015989488
68193,0.0011536357089267368,0.31313369467433383,57.61523046092185,34.76953907815631,69.13827655310621,90.38076152304609,0.957555610232304,0.6062089436960378
68287,-0.12183102950930749,0.1770925759074175,60.22044088176352,65.23046092184369,53.3066132264529,82.26452905811624,0.9879562254332651,0.7306019281341865
68394,0.14321624915108433,0.436918157749427,9.719438877755511,58.61723446893788,97.0941883767535,97.69539078156312,0.6330184193943627,0.49405962169744566
68473,-0.006970065061248417,0.16441096581010756,79.75951903807615,95.99198396793588,39.57915831663327,97.79559118236472,0.8986523685464054,0.5584808652696572
68532,0.07191556704409567,0.3278595335627231,58.41683366733467,89.27855711422845,20.440881763527052,57.71543086172345,0.9849672287206483,0.5469126865993085
68553,0.09621367886485463,0.3631344869025489,58.81763527054108,85.07014028056112,95.09018036072145,97.69539078156312,0.8075593896862757,0.46223784277107244
68819,0.13778079182542274,0.23313356069476088,82.86573146292585,64.62925851703406,88.27655310621242,95.29058116232466,0.8448075239398125,0.7202718695303167
69085,0.008682192963879398,0.41053821181514905,70.84168336673346,69.23847695390782,83.66733466933867,88.87775551102204,0.9043336673632125,0.5991769521605019
69087,-0.04817955370980391,0.20810072905499644,95.09018036072145,98.69739478957916,98.79759519038076,99.6993987975952,0.7489866526595919,0.35867820606049944
69137,0.1456246515604048,0.32407065115504696,52.605210420841686,95.49098196392785,96.7935871743487,94.88977955911824,0.8073850698383526,0.428322281418718
69462,-0.016846952799601585,0.2408523880560938,68.6372745490982,72.84569138276554,99.59919839679358,76.75350701402806,0.8096099384478765,0.5729985489445314
69641,-0.044466608573433,0.04338453945963367,55.010020040080164,86.37274549098197,72.34468937875751,96.29258517034069,0.88602911383149,0.6517058255153827
70279,0.23027668812540045,0.5063363387221438,88.77755511022045,88.37675350701403,96.39278557114228,98.29659318637275,0.8646300234493408,0.5370727189147211
70372,-0.17233845821672447,0.4712158923436541,62.62525050100201,55.01002004008016,86.27254509018036,37.4749498997996,0.9639299866944835,0.5427393400229681
70496,-0.04463656239756995,0.36691902399600934,62.124248496993985,64.22845691382764,95.29058116232466,63.326653306613224,0.9178018894438202,0.690924194803749
70765,-0.052082418892782624,0.32209430919354376,44.68937875751503,62.42484969939879,40.5811623246493,95.49098196392785,1.010844838184394,0.6858904301499659
71264,-0.13003929911457046,0.2985924340590047,88.17635270541082,97.49498997995991,99.19839679358716,97.1943887775551,0.676745629573223,0.32960560477686934
71624,-0.013552353970052828,0.2494182325113226,56.1122244488978,83.06613226452907,69.63927855711422,32.46492985971943,0.9400913737341767,0.5514321137040303
71735,0.06436320777456805,0.5244515118957175,87.5751503006012,94.98997995991985,95.89178356713427,97.89579158316633,0.5581086085132922,0.2998851784486714
72089,-0.0006734815737297929,0.15266737510178174,69.43887775551102,16.63326653306613,26.55310621242485,90.6813627254509,0.993759731844344,0.7232126163663604
72151,-0.052381282720210254,0.45646910868740875,96.9939879759519,96.49298597194388,96.39278557114228,96.4929859719439,0.4042798624176005,0.32511368399322066
72389,-0.08394001656312941,0.2300441261647942,65.4308617234469,97.49498997995991,95.09018036072145,73.04609218436873,0.9341903988059066,0.4789423581657687
72527,-0.039755945387096835,0.2505636890565901,40.5811623246493,87.5751503006012,97.39478957915831,97.49498997995991,0.6359032755128031,0.41662881013402264
